t	deterministic	state	observation	pred	pred_low	pred_high	filter	filter_low	filter_high	smooth	smooth_low	smooth_high
0	0.0	0.0	nan	nan	nan	nan	0.0	0.0	0.0	0.0	0.0	0.0
1	0.4	0.2991493555547335	0.17347017058496472	0.4	0.008007203091999981	0.7919927969080001	0.330298514026143	0.0041407919805270255	0.656456236071759	0.32558045075515946	0.025835750117457645	0.6253251513928613
2	0.7200000000000001	0.9583781015993491	0.5037666424099966	0.6642388112209144	0.19334516823584807	1.1351324542059809	0.6015340020792186	0.23398105461315122	0.969086949545286	0.6519456352537406	0.3210278546052086	0.9828634159022727
3	0.9760000000000001	1.0601435136879902	1.360088329547151	0.8812272016633749	0.3912075478636599	1.3712468554630899	1.0774953100159532	0.7010608077295459	1.4539298123023605	0.9932297642059775	0.6558747890025409	1.3305847394094141
4	1.1808	1.0092201415493522	1.2212173648948161	1.2619962480127627	0.7676803258382991	1.7563121701872262	1.2451099682315376	0.8667382452364631	1.6234816912266121	1.0803650672900837	0.7416178596900628	1.4191122748901046
5	1.34464	0.8963227885321174	0.5821052319568167	1.3960879745852302	0.9008263712727951	1.8913495778976652	1.0582676649486884	0.6794723273579957	1.4370630025393811	1.0432673472916203	0.7042162630727664	1.3823184315104742
6	1.4757120000000001	1.4001365474082987	1.011818480055996	1.2466141319589508	0.7511453299065485	1.742082934011353	1.1491212072048165	0.7702331900677131	1.5280092243419199	1.2145341698437402	0.8754166296941865	1.5536517099932938
7	1.5805696	1.6466653738257644	1.7413819757362237	1.3192969657638534	0.823782812861021	1.8148111186666858	1.494575795699364	1.1156674996644447	1.8734840917342832	1.459147528547905	1.1200154486943155	1.7982796084014945
8	1.66445568	1.6629902953497528	1.109956588935122	1.5956606365594914	1.100136559664764	2.091184713454219	1.3939580669270468	1.0150453336294882	1.7728708002246054	1.5199213485748437	1.180786087323139	1.8590566098265484
9	1.7315645440000003	1.8505420939263226	1.9894092664154854	1.5151664535416374	1.019640205115811	2.0106927019674634	1.712110425235984	1.3331967210078357	2.0910241294641323	1.7844494358303697	1.4453134784465256	2.123585393214214
10	1.7852516352000003	2.031632469745132	2.2699018296751476	1.7696883401887873	1.274161616601683	2.2652150637758917	1.9774176702104485	1.5985037535298579	2.356331586891039	1.9243334223301278	1.5851973126054493	2.2634695320548066
11	1.8282013081600001	2.016655986325153	1.9247942680910264	1.9819341361683587	1.4864073086095868	2.4774609637271308	1.9582050091552277	1.579291045987224	2.337118972323231	1.8684516314213813	1.5293154882799485	2.207587774562814
12	1.862561046528	1.9468080760098727	1.7577101901860286	1.9665640073241821	1.471037157015025	2.4620908576333393	1.8798308875797058	1.5009169142396388	2.258744860919773	1.7746909572672342	1.435554806436441	2.1138271080980275
13	1.8900488372224	1.7223369617447446	1.5114922334660643	1.9038647100637647	1.4083378547765208	2.3993915653510083	1.7409196901291497	1.3620057145633002	2.1198336656949994	1.6790985904660076	1.3399624362282363	2.018234744703779
14	1.91203906977792	1.6829202515801	1.960292314832094	1.79273575210332	1.2972088957268049	2.2882626084798354	1.8623188884153876	1.4834049123625073	2.2412328644682677	1.6605757959658278	1.3214396331016722	1.9997119588299834
15	1.9296312558223359	1.5959472505663443	1.168362023677648	1.8898551107323103	1.394328254117448	2.385381967347173	1.5902323980472581	1.211318421887809	1.9691463742067072	1.4585726141160134	1.1194364133477759	1.7977088148842508
16	1.9437050046578688	1.2251275108297357	1.3541664959047153	1.6721859184378065	1.1766590617707906	2.1677127751048224	1.540118343866011	1.1612043676832433	1.9190323200487789	1.3907261687710915	1.0515897951096862	1.7298625424324967
17	1.9549640037262952	1.1694193415549428	1.0421737089983572	1.6320946750928091	1.1365678184143815	2.127621531771237	1.3871114267028901	1.00819745051502	1.7660254028907603	1.3127269612349335	0.9735897975072132	1.6518641249626538
18	1.9639712029810363	0.9282518487787754	1.0931749638846768	1.5096891413623124	1.0141622846813876	2.005215998043237	1.3367185197635028	0.957804543574516	1.7156324959524896	1.3506714641141757	1.011530689738621	1.6898122384897305
19	1.971176962384829	1.154672205421396	1.6414314210536713	1.4693748158108022	0.973847959129331	1.9649016724922734	1.540826736461634	1.1619127602724029	1.919740712650865	1.4992031514377369	1.1600458765098831	1.8383604263655906
20	1.9769415699078632	1.19205702656831	1.730544264959104	1.6326613891693071	1.1371345324877162	2.128188245850898	1.6733103341147069	1.2943963579254225	2.052224310303991	1.5436792909909989	1.2044466169985721	1.8829119649834256
21	1.9815532559262907	1.2125734357480906	0.7002177134916735	1.7386482672917656	1.2431214106101487	2.2341751239733822	1.3074072961775567	0.9284933199882606	1.6863212723668528	1.4615255206670859	1.1219484780071698	1.801102563327002
22	1.9852426047410328	1.5999422675222672	1.8587605512405558	1.4459258369420454	0.9503989802604228	1.9414526936236678	1.6173684456482813	1.2384544694589827	1.9962824218375799	1.775396808140645	1.4342503884976643	2.116543227783626
23	1.9881940837928265	2.240488181651387	2.4908963666648125	1.6938947565186253	1.1983678998370015	2.189421613200249	2.024874760026112	1.6459607838368127	2.4037887362154113	2.031724745410175	1.6834961164880673	2.379953374332283
24	1.9905552670342614	2.155133777910325	2.0551620763901157	2.0198998080208894	1.5243729513392652	2.5154266647025136	2.034543574808748	1.6556295986194485	2.4134575509980474	2.034543574808748	1.6556295986194485	2.4134575509980474
