t	bound
1	0.008007203091999981
2	0.19334516823584807
3	0.3912075478636599
4	0.7676803258382991
5	0.9008263712727951
6	0.7511453299065485
7	0.823782812861021
8	1.100136559664764
9	1.019640205115811
10	1.274161616601683
11	1.4864073086095868
12	1.471037157015025
13	1.4083378547765208
14	1.2972088957268049
15	1.394328254117448
16	1.1766590617707906
17	1.1365678184143815
18	1.0141622846813876
19	0.973847959129331
20	1.1371345324877162
21	1.2431214106101487
22	0.9503989802604228
23	1.1983678998370015
24	1.5243729513392652
24	2.5154266647025136
23	2.189421613200249
22	1.9414526936236678
21	2.2341751239733822
20	2.128188245850898
19	1.9649016724922734
18	2.005215998043237
17	2.127621531771237
16	2.1677127751048224
15	2.385381967347173
14	2.2882626084798354
13	2.3993915653510083
12	2.4620908576333393
11	2.4774609637271308
10	2.2652150637758917
9	2.0106927019674634
8	2.091184713454219
7	1.8148111186666858
6	1.742082934011353
5	1.8913495778976652
4	1.7563121701872262
3	1.3712468554630899
2	1.1351324542059809
1	0.7919927969080001
