series,complexity_position,loss_position
population,0.03125,0.8163265306122449
population,0.03281171875,0.8074856887755103
population,0.034371875,0.7987181632653061
population,0.03593046875,0.7900238010204079
population,0.03748749999999999,0.7814024489795918
population,0.03904296875,0.7728539540816327
population,0.040596875,0.7643781632653063
population,0.042149218749999995,0.7559749234693878
population,0.043699999999999996,0.747644081632653
population,0.04524921874999999,0.7393854846938775
population,0.046796874999999995,0.7311989795918366
population,0.04834296874999999,0.723084413265306
population,0.049887499999999994,0.715041632653061
population,0.051430468750000014,0.7070704846938778
population,0.052971874999999995,0.6991708163265306
population,0.054511718750000014,0.6913424744897961
population,0.056049999999999996,0.6835853061224489
population,0.05758671875000001,0.6758991581632655
population,0.059121875,0.6682838775510205
population,0.060655468750000004,0.6607393112244898
population,0.06218750000000001,0.653265306122449
population,0.06371796875,0.6458617091836735
population,0.065246875,0.6385283673469387
population,0.06677421875,0.6312651275510205
population,0.0683,0.6240718367346938
population,0.06982421875,0.6169483418367347
population,0.071346875,0.6098944897959184
population,0.07286796875000001,0.6029101275510204
population,0.07438750000000001,0.5959951020408164
population,0.07590546875,0.5891492602040815
population,0.07742187499999999,0.5823724489795917
population,0.07893671874999998,0.5756645153061224
population,0.08044999999999998,0.569025306122449
population,0.08196171874999998,0.5624546683673468
population,0.08347187500000001,0.5559524489795918
population,0.08498046875,0.5495184948979591
population,0.08648750000000001,0.5431526530612246
population,0.08799296874999997,0.5368547704081632
population,0.08949687500000002,0.5306246938775511
population,0.09099921874999999,0.5244622704081632
population,0.09250000000000003,0.5183673469387756
population,0.09399921874999999,0.5123397704081633
population,0.09549687500000002,0.5063793877551022
population,0.09699296875,0.5004860459183674
population,0.0984875,0.49465959183673464
population,0.09998046875000001,0.4888998724489797
population,0.101471875,0.4832067346938776
population,0.10296171875,0.4775800255102041
population,0.10445,0.47201959183673475
population,0.10593671874999999,0.46652528061224485
population,0.107421875,0.4610969387755102
population,0.10890546875,0.45573441326530617
population,0.11038749999999997,0.45043755102040806
population,0.11186796875,0.4452061989795918
population,0.11334687500000001,0.44004020408163264
population,0.11482421875000003,0.43493941326530605
population,0.11630000000000001,0.4299036734693878
population,0.11777421875,0.42493283163265305
population,0.11924687499999999,0.4200267346938775
population,0.12071796875000003,0.41518522959183674
population,0.12218749999999999,0.4104081632653061
population,0.12365546875000001,0.4056953826530614
population,0.12512187499999997,0.40104673469387747
population,0.12658671875000002,0.39646206632653075
population,0.12805000000000002,0.39194122448979585
population,0.12951171875000003,0.387484056122449
population,0.130971875,0.38309040816326523
population,0.13243046875000003,0.3787601275510205
population,0.13388750000000002,0.3744930612244897
population,0.13534296875000004,0.37028905612244906
population,0.136796875,0.3661479591836734
population,0.13824921874999999,0.3620696173469388
population,0.13970000000000002,0.3580538775510204
population,0.14114921875,0.3541005867346939
population,0.14259687499999998,0.3502095918367347
population,0.14404296875,0.3463807397959184
population,0.14548750000000002,0.3426138775510204
population,0.14693046874999996,0.33890885204081633
population,0.148371875,0.3352655102040816
population,0.14981171875,0.3316836989795918
population,0.15125,0.3281632653061224
population,0.15268671875,0.32470405612244896
population,0.154121875,0.32130591836734695
population,0.15555546875,0.3179686989795918
population,0.15698750000000003,0.3146922448979592
population,0.15841796874999997,0.3114764030612244
population,0.15984687500000003,0.30832102040816334
population,0.16127421874999998,0.305225943877551
population,0.1627,0.3021910204081633
population,0.16412421874999997,0.29921609693877543
population,0.165546875,0.2963010204081633
population,0.16696796875,0.29344563775510196
population,0.16838750000000002,0.29064979591836737
population,0.16980546874999994,0.2879133418367346
population,0.171221875,0.2852361224489796
population,0.17263671874999997,0.28261798469387744
population,0.17405,0.28005877551020414
population,0.17546171874999997,0.27755834183673467
population,0.176871875,0.2751165306122449
population,0.17828046875,0.27273318877551017
population,0.1796875,0.27040816326530615
population,0.18109296875,0.2681413010204081
population,0.182496875,0.2659324489795918
population,0.18389921875,0.26378145408163267
population,0.18530000000000002,0.26168816326530614
population,0.18669921874999998,0.25965242346938777
population,0.18809687500000002,0.25767408163265304
population,0.18949296875,0.2557529846938775
population,0.1908875,0.2538889795918367
population,0.19228046875000002,0.2520819132653061
population,0.19367187500000002,0.2503316326530612
population,0.19506171875000003,0.24863798469387755
population,0.19645,0.24700081632653056
population,0.19783671875,0.2454199744897959
population,0.19922187500000002,0.24389530612244895
population,0.20060546875,0.2424266581632653
population,0.2019875,0.2410138775510204
population,0.20336796874999996,0.23965681122448979
population,0.20474687499999997,0.23835530612244898
population,0.20612421875,0.23710920918367348
population,0.20750000000000002,0.23591836734693875
population,0.20887421875,0.23478262755102042
population,0.21024687499999997,0.23370183673469389
population,0.21161796874999997,0.23267584183673468
population,0.2129875,0.23170448979591837
population,0.21435546875,0.23078762755102042
population,0.21572187499999998,0.22992510204081631
population,0.21708671875,0.22911676020408164
population,0.21845000000000003,0.22836244897959182
population,0.21981171875000002,0.22766201530612246
population,0.221171875,0.22701530612244894
population,0.22253046874999996,0.2264221683673469
population,0.22388750000000002,0.22588244897959184
population,0.22524296875000002,0.2253959948979592
population,0.22659687500000003,0.2249626530612245
population,0.22794921875,0.22458227040816325
population,0.22929999999999998,0.224254693877551
population,0.23064921875,0.22397977040816328
population,0.23199687500000002,0.2237573469387755
population,0.23334296875000002,0.22358727040816326
population,0.23468750000000002,0.22346938775510203
population,0.23603046875000003,0.22340354591836736
population,0.237371875,0.22338959183673468
population,0.23871171874999997,0.2234273724489796
population,0.24005,0.22351673469387756
population,0.24138671874999998,0.22365752551020412
population,0.24272187499999998,0.22384959183673467
population,0.24405546874999998,0.22409278061224489
population,0.2453875,0.22438693877551022
population,0.24671796875,0.22473191326530612
population,0.248046875,0.22512755102040816
population,0.24937421875,0.22557369897959184
population,0.2507,0.22607020408163264
population,0.25202421875,0.22661691326530614
population,0.253346875,0.22721367346938773
population,0.25466796875000003,0.22786033163265307
population,0.2559875,0.22855673469387755
population,0.25730546875000004,0.22930272959183676
population,0.258621875,0.2300981632653061
population,0.25993671875,0.23094288265306123
population,0.26125000000000004,0.23183673469387758
population,0.26256171875,0.23277956632653063
population,0.263871875,0.2337712244897959
population,0.26518046875,0.234811556122449
population,0.2664875,0.2359004081632653
population,0.26779296875,0.23703762755102045
population,0.269096875,0.2382230612244898
population,0.27039921875,0.23945655612244895
population,0.2717,0.24073795918367347
population,0.27299921875000005,0.24206711734693878
population,0.274296875,0.2434438775510204
population,0.27559296875,0.2448680867346939
population,0.2768875,0.24633959183673468
population,0.27818046874999997,0.24785823979591834
population,0.279471875,0.24942387755102038
population,0.28076171875,0.2510363520408163
population,0.28204999999999997,0.25269551020408165
population,0.28333671875000005,0.25440119897959185
population,0.284621875,0.2561532653061225
population,0.28590546875000006,0.257951556122449
population,0.28718750000000004,0.259795918367347
population,0.28846796875,0.26168619897959183
population,0.289746875,0.2636222448979592
population,0.29102421875,0.2656039030612245
population,0.29229999999999995,0.2676310204081633
population,0.29357421875,0.269703443877551
population,0.294846875,0.2718210204081633
population,0.29611796875,0.27398359693877555
population,0.29738749999999997,0.2761910204081633
population,0.29865546875,0.2784431377551021
population,0.299921875,0.2807397959183674
population,0.30118671875,0.28308084183673476
population,0.30244999999999994,0.28546612244897956
population,0.30371171874999997,0.2878954846938775
population,0.304971875,0.29036877551020407
population,0.30623046875,0.2928858418367347
population,0.30748749999999997,0.2954465306122449
population,0.30874296874999996,0.29805068877551016
population,0.309996875,0.30069816326530613
population,0.31124921875,0.30338880102040816
population,0.3125,0.30612244897959184
population,0.31390235026041663,0.3091973775510204
population,0.3152969270833333,0.3122994285714286
population,0.31668376953124994,0.3154281734693877
population,0.31806291666666664,0.31858318367346933
population,0.31943440755208335,0.32176403061224484
population,0.32079828125,0.3249702857142857
population,0.32215457682291665,0.3282015204081632
population,0.3235033333333333,0.3314573061224489
population,0.3248445898437499,0.3347372142857142
population,0.3261783854166666,0.3380408163265306
population,0.32750475911458327,0.34136768367346937
population,0.32882374999999997,0.344717387755102
population,0.3301353971354168,0.3480895000000001
population,0.3314397395833333,0.35148359183673467
population,0.33273681640625,0.35489923469387763
population,0.3340266666666667,0.358336
population,0.3353093294270834,0.36179345918367356
population,0.3365848437500001,0.3652711836734694
population,0.3378532486979167,0.36876874489795913
population,0.33911458333333333,0.37228571428571433
population,0.34036888671875004,0.3758216632653062
population,0.3416161979166667,0.37937616326530615
population,0.34285655598958337,0.38294878571428576
population,0.34408999999999995,0.3865391020408163
population,0.3453165690104167,0.3901466836734694
population,0.34653630208333336,0.39377110204081633
population,0.34774923828124993,0.39741192857142854
population,0.3489554166666667,0.4010687346938776
population,0.35015487630208325,0.4047410918367347
population,0.3513476562499999,0.4084285714285713
population,0.35253379557291664,0.4121307448979591
population,0.3537133333333333,0.41584718367346934
population,0.3548863085937499,0.4195774591836734
population,0.3560527604166666,0.4233211428571429
population,0.3572127278645833,0.427077806122449
population,0.35836625000000005,0.43084702040816336
population,0.3595133658854166,0.4346283571428571
population,0.36065411458333335,0.43842138775510214
population,0.3617885351562499,0.44222568367346926
population,0.3629166666666667,0.4460408163265307
population,0.3640385481770833,0.449866357142857
population,0.3651542187500001,0.4537018775510205
population,0.3662637174479167,0.4575469489795919
population,0.36736708333333334,0.46140114285714284
population,0.36846435546875006,0.46526403061224497
population,0.36955557291666663,0.4691351836734694
population,0.3706407747395834,0.4730141734693878
population,0.37172000000000005,0.47690057142857145
population,0.3727932877604166,0.4807939489795918
population,0.3738606770833333,0.4846938775510204
population,0.37492220703124995,0.4885999285714286
population,0.37597791666666663,0.4925116734693878
population,0.37702784505208325,0.49642868367346943
population,0.37807203124999994,0.5003505306122448
population,0.3791105143229167,0.5042767857142858
population,0.38014333333333333,0.5082070204081632
population,0.38117052734375,0.5121408061224489
population,0.38219213541666663,0.5160777142857141
population,0.38320819661458344,0.5200173163265307
population,0.38421874999999983,0.5239591836734693
population,0.3852238346354167,0.527902887755102
population,0.38622348958333325,0.531848
population,0.38721775390625,0.5357940918367348
population,0.3882066666666666,0.5397407346938775
population,0.3891902669270834,0.5436875000000001
population,0.39016859374999996,0.5476339591836733
population,0.39114168619791667,0.5515796836734695
population,0.39210958333333323,0.555524244897959
population,0.3930723242187501,0.5594672142857143
population,0.3940299479166666,0.5634081632653062
population,0.3949824934895833,0.5673466632653061
population,0.39593000000000006,0.5712822857142857
population,0.3968725065104166,0.5752146020408163
population,0.39781005208333337,0.5791431836734694
population,0.39874267578125,0.5830676020408163
population,0.39967041666666664,0.5869874285714286
population,0.40059331380208324,0.5909022346938776
population,0.40151140625,0.5948115918367346
population,0.4024247330729167,0.5987150714285714
population,0.4033333333333334,0.6026122448979592
population,0.40423724609375,0.6065026836734694
population,0.40513651041666665,0.6103859591836734
population,0.40603116536458334,0.6142616428571429
population,0.40692125000000007,0.6181293061224491
population,0.4078068033854166,0.6219885204081633
population,0.4086878645833334,0.6258388571428573
population,0.4095644726562499,0.6296798877551019
population,0.4104366666666667,0.6335111836734695
population,0.41130448567708333,0.6373323163265305
population,0.4121679687500001,0.6411428571428572
population,0.4130271549479167,0.6449423775510204
population,0.4138820833333334,0.6487304489795919
population,0.4147327929687499,0.6525066428571427
population,0.41557932291666666,0.6562705306122449
population,0.41642171223958324,0.6600216836734693
population,0.41726,0.6637596734693878
population,0.41809422526041656,0.6674840714285712
population,0.4189244270833333,0.6711944489795919
population,0.41975064453125005,0.6748903775510204
population,0.4205729166666667,0.6785714285714286
population,0.4213912825520833,0.6822371734693877
population,0.42220578125,0.6858871836734693
population,0.42301645182291664,0.6895210306122449
population,0.4238233333333333,0.6931382857142856
population,0.42462646484374994,0.6967385204081632
population,0.42542588541666665,0.700321306122449
population,0.4262216341145833,0.7038862142857143
population,0.42701374999999997,0.7074328163265305
population,0.42780227213541666,0.7109606836734694
population,0.4285872395833333,0.714469387755102
population,0.42936869140625,0.7179585000000002
population,0.43014666666666673,0.7214275918367348
population,0.4309212044270833,0.7248762346938775
population,0.43169234375,0.7283040000000001
population,0.4324601236979167,0.7317104591836735
population,0.4332245833333333,0.7350951836734694
population,0.4339857617187499,0.738457744897959
population,0.4347436979166666,0.7417977142857142
population,0.43549843098958335,0.7451146632653061
population,0.43625,0.7484081632653062
population,0.43699844401041665,0.7516777857142859
population,0.4377438020833333,0.7549231020408163
population,0.43848611328125003,0.7581436836734694
population,0.4392254166666667,0.7613391020408163
population,0.4399617513020833,0.7645089285714286
population,0.44069515625000005,0.7676527346938775
population,0.44142567057291665,0.7707700918367347
population,0.4421533333333334,0.7738605714285715
population,0.44287818359375003,0.7769237448979593
population,0.4436002604166666,0.7799591836734693
population,0.4443196028645833,0.7829664591836734
population,0.44503625,0.7859451428571429
population,0.44575024088541665,0.7888948061224491
population,0.44646161458333333,0.7918150204081632
population,0.44717041015625,0.7947053571428571
population,0.4478766666666667,0.797565387755102
population,0.44858042317708335,0.8003946836734694
population,0.44928171875,0.8031928163265306
population,0.4499805924479167,0.8059593571428573
population,0.4506770833333333,0.8086938775510204
population,0.45137123046875,0.8113959489795919
population,0.45206307291666664,0.8140651428571429
population,0.45275264973958335,0.8167010306122449
population,0.4534399999999999,0.8193031836734694
population,0.45412516276041665,0.8218711734693878
population,0.4548081770833334,0.8244045714285714
population,0.45548908203125,0.8269029489795917
population,0.4561679166666666,0.8293658775510204
population,0.45684472005208326,0.8317929285714285
population,0.45751953125,0.8341836734693877
population,0.45819238932291667,0.8365376836734694
population,0.45886333333333335,0.8388545306122448
population,0.45953240234375,0.8411337857142858
population,0.46019963541666664,0.8433750204081633
population,0.4608650716145834,0.8455778061224489
population,0.46152875,0.8477417142857143
population,0.4621907096354167,0.8498663163265306
population,0.4628509895833333,0.8519511836734693
population,0.4635096289062501,0.853995887755102
population,0.46416666666666667,0.8560000000000001
population,0.46482214192708343,0.8579630918367348
population,0.46547609375,0.8598847346938774
population,0.4661285611979166,0.8617645
population,0.4667795833333333,0.8636019591836734
population,0.46742919921875004,0.8653966836734694
population,0.46807744791666667,0.867148244897959
population,0.4687243684895834,0.8688562142857142
population,0.4693699999999999,0.8705201632653061
population,0.4700143815104167,0.872139663265306
population,0.4706575520833334,0.8737142857142857
population,0.47129955078125,0.8752436020408163
population,0.4719404166666667,0.8767271836734694
population,0.4725801888020833,0.8781646020408161
population,0.4732189062499999,0.8795554285714284
population,0.4738566080729167,0.8808992346938775
population,0.4744933333333334,0.8821955918367346
population,0.47512912109375005,0.8834440714285714
population,0.4757640104166667,0.8846442448979592
population,0.4763980403645834,0.8857956836734695
population,0.47703125,0.8868979591836735
population,0.4776636783854167,0.8879506428571429
population,0.4782953645833334,0.8889533061224489
population,0.47892634765625,0.8899055204081633
population,0.4795566666666667,0.8908068571428571
population,0.4801863606770833,0.8916568877551021
population,0.48081546875,0.8924551836734693
population,0.48144402994791663,0.8932013163265307
population,0.48207208333333335,0.8938948571428572
population,0.48269966796875,0.8945353775510204
population,0.48332682291666673,0.8951224489795918
population,0.4839535872395833,0.8956556428571428
population,0.48457999999999996,0.8961345306122448
population,0.48520610026041666,0.8965586836734695
population,0.48583192708333334,0.8969276734693878
population,0.48645751953125,0.8972410714285713
population,0.4870829166666666,0.8974984489795919
population,0.48770815755208324,0.8976993775510204
population,0.48833328125000003,0.8978434285714286
population,0.4889583268229167,0.8979301734693877
population,0.4895833333333333,0.8979591836734694
population,0.49020522786458326,0.8979225510204082
population,0.4908209895833333,0.8978130612244898
population,0.4914307356770833,0.897631326530612
population,0.4920345833333332,0.8973779591836732
population,0.4926326497395834,0.8970535714285713
population,0.4932250520833333,0.896658775510204
population,0.4938119075520833,0.8961941836734694
population,0.49439333333333324,0.8956604081632652
population,0.49496944661458325,0.8950580612244897
population,0.4955403645833332,0.8943877551020406
population,0.49610620442708325,0.8936501020408162
population,0.4966670833333333,0.8928457142857141
population,0.4972231184895834,0.8919752040816329
population,0.49777442708333325,0.8910391836734693
population,0.4983211263020834,0.8900382653061227
population,0.49886333333333344,0.8889730612244898
population,0.49940116536458334,0.8878441836734695
population,0.4999347395833334,0.8866522448979591
population,0.5004641731770832,0.8853978571428573
population,0.5009895833333334,0.8840816326530614
population,0.5015110872395835,0.8827041836734694
population,0.5020288020833333,0.8812661224489797
population,0.5025428450520834,0.8797680612244899
population,0.5030533333333334,0.8782106122448979
population,0.5035603841145834,0.876594387755102
population,0.5040641145833333,0.87492
population,0.5045646419270834,0.8731880612244898
population,0.5050620833333334,0.8713991836734694
population,0.5055565559895833,0.8695539795918368
population,0.5060481770833333,0.8676530612244897
population,0.5065370638020833,0.8656970408163263
population,0.5070233333333333,0.8636865306122447
population,0.5075071028645833,0.8616221428571428
population,0.5079884895833333,0.8595044897959183
population,0.5084676106770833,0.8573341836734694
population,0.5089445833333334,0.8551118367346939
population,0.5094195247395832,0.8528380612244897
population,0.5098925520833334,0.8505134693877552
population,0.5103637825520833,0.8481386734693876
population,0.5108333333333335,0.8457142857142859
population,0.5113013216145833,0.8432409183673467
population,0.5117678645833335,0.8407191836734693
population,0.5122330794270834,0.8381496938775511
population,0.5126970833333333,0.8355330612244898
population,0.5131599934895833,0.8328698979591839
population,0.5136219270833333,0.8301608163265305
population,0.5140830013020834,0.8274064285714288
population,0.5145433333333334,0.8246073469387756
population,0.5150030403645833,0.8217641836734695
population,0.5154622395833334,0.8188775510204082
population,0.5159210481770833,0.8159480612244899
population,0.5163795833333332,0.8129763265306122
population,0.5168379622395833,0.8099629591836734
population,0.5172963020833333,0.8069085714285712
population,0.5177547200520833,0.8038137755102042
population,0.5182133333333333,0.8006791836734694
population,0.5186722591145834,0.7975054081632651
population,0.5191316145833332,0.7942930612244897
population,0.5195915169270834,0.7910427551020409
population,0.5200520833333332,0.7877551020408162
population,0.5205134309895834,0.7844307142857145
population,0.5209756770833333,0.7810702040816325
population,0.5214389388020834,0.7776741836734696
population,0.5219033333333333,0.7742432653061224
population,0.5223689778645834,0.77077806122449
population,0.5228359895833333,0.7672791836734693
population,0.5233044856770833,0.7637472448979593
population,0.5237745833333333,0.7601828571428569
population,0.5242463997395835,0.7565866326530615
population,0.5247200520833333,0.7529591836734693
population,0.5251956575520833,0.7493011224489796
population,0.5256733333333333,0.7456130612244897
population,0.5261531966145834,0.7418956122448981
population,0.5266353645833334,0.7381493877551022
population,0.5271199544270834,0.734375
population,0.5276070833333334,0.7305730612244897
population,0.5280968684895833,0.7267441836734692
population,0.5285894270833333,0.7228889795918366
population,0.5290848763020833,0.7190080612244898
population,0.5295833333333334,0.7151020408163266
population,0.5300849153645834,0.7111715306122448
population,0.5305897395833333,0.7072171428571429
population,0.5310979231770834,0.7032394897959183
population,0.5316095833333334,0.6992391836734694
population,0.5321248372395833,0.6952168367346938
population,0.5326438020833334,0.69117306122449
population,0.5331665950520833,0.6871084693877549
population,0.5336933333333334,0.6830236734693879
population,0.5342241341145831,0.6789192857142856
population,0.5347591145833334,0.6747959183673472
population,0.5352983919270833,0.6706541836734692
population,0.5358420833333334,0.6664946938775511
population,0.5363903059895833,0.6623180612244896
population,0.5369431770833334,0.6581248979591838
population,0.5375008138020833,0.6539158163265305
population,0.5380633333333333,0.6496914285714286
population,0.5386308528645833,0.6454523469387755
population,0.5392034895833333,0.6411991836734694
population,0.5397813606770834,0.6369325510204081
population,0.5403645833333334,0.6326530612244898
population,0.5409532747395833,0.628361326530612
population,0.5415475520833333,0.6240579591836736
population,0.5421475325520834,0.6197435714285714
population,0.5427533333333333,0.6154187755102041
population,0.5433650716145833,0.6110841836734694
population,0.5439828645833332,0.6067404081632654
population,0.5446068294270834,0.6023880612244897
population,0.5452370833333332,0.5980277551020408
population,0.5458737434895833,0.5936601020408162
population,0.5465169270833333,0.5892857142857143
population,0.5471667513020834,0.5849052040816326
population,0.5478233333333334,0.5805191836734694
population,0.5484867903645833,0.5761282653061224
population,0.5491572395833333,0.5717330612244897
population,0.5498347981770834,0.5673341836734694
population,0.5505195833333333,0.5629322448979592
population,0.5512117122395833,0.5585278571428571
population,0.5519113020833333,0.5541216326530612
population,0.5526184700520833,0.5497141836734694
population,0.5533333333333333,0.5453061224489796
population,0.5540560091145833,0.5408980612244898
population,0.5547866145833332,0.5364906122448979
population,0.5555252669270833,0.5320843877551019
population,0.5562720833333333,0.52768
population,0.5570271809895834,0.5232780612244898
population,0.5577906770833333,0.5188791836734694
population,0.5585626888020834,0.5144839795918368
population,0.5593433333333334,0.5100930612244898
population,0.5601327278645835,0.5057070408163264
population,0.5609309895833333,0.5013265306122449
population,0.5617382356770834,0.49695214285714284
population,0.5625545833333333,0.49258448979591835
population,0.5633801497395834,0.4882241836734694
population,0.5642150520833334,0.4838718367346938
population,0.5650594075520834,0.4795280612244897
population,0.5659133333333334,0.475193469387755
population,0.5667769466145833,0.4708686734693877
population,0.5676503645833333,0.4665542857142856
population,0.5685337044270834,0.4622509183673469
population,0.5694270833333333,0.45795918367346933
population,0.5703306184895833,0.453679693877551
population,0.5712444270833333,0.4494130612244898
population,0.5721686263020834,0.44515989795918365
population,0.5731033333333334,0.4409208163265306
population,0.5740486653645833,0.4366964285714286
population,0.5750047395833333,0.43248734693877544
population,0.5759716731770833,0.4282941836734694
population,0.5769495833333332,0.42411755102040816
population,0.5779385872395834,0.4199580612244898
population,0.5789388020833334,0.41581632653061223
population,0.5799503450520834,0.4116929591836735
population,0.5809733333333333,0.4075885714285714
population,0.5820078841145834,0.40350377551020405
population,0.5830541145833333,0.3994391836734693
population,0.5841121419270833,0.3953954081632653
population,0.5851820833333333,0.3913730612244898
population,0.5862640559895833,0.38737275510204083
population,0.5873581770833334,0.3833951020408164
population,0.5884645638020833,0.3794407142857143
population,0.5895833333333333,0.3755102040816326
population,0.5907146028645834,0.37160418367346937
population,0.5918584895833333,0.3677232653061224
population,0.5930151106770833,0.3638680612244897
population,0.5941845833333333,0.3600391836734693
population,0.5953670247395834,0.35623724489795916
population,0.5965625520833333,0.35246285714285713
population,0.5977712825520832,0.3487166326530612
population,0.5989933333333333,0.34499918367346943
population,0.6002288216145834,0.34131112244897965
population,0.6014778645833333,0.33765306122448985
population,0.6027405794270834,0.33402561224489796
population,0.6040170833333333,0.33042938775510206
population,0.6053074934895833,0.326865
population,0.6066119270833333,0.3233330612244898
population,0.6079305013020834,0.3198341836734694
population,0.6092633333333333,0.31636897959183674
population,0.6106105403645833,0.3129380612244898
population,0.6119722395833334,0.3095420408163265
population,0.6133485481770834,0.3061815306122449
population,0.6147395833333335,0.3028571428571429
population,0.6161454622395833,0.29956948979591835
population,0.6175663020833334,0.2963191836734694
population,0.6190022200520834,0.29310683673469384
population,0.6204533333333333,0.2899330612244898
population,0.6219197591145833,0.28679846938775505
population,0.6234016145833333,0.2837036734693877
population,0.6248990169270833,0.2806492857142857
population,0.6264120833333333,0.2776359183673469
population,0.6279409309895834,0.27466418367346934
population,0.6294856770833334,0.27173469387755095
population,0.6310464388020833,0.26884806122448973
population,0.6326233333333332,0.2660048979591837
population,0.6342164778645834,0.2632058163265306
population,0.6358259895833333,0.2604514285714286
population,0.6374519856770834,0.2577423469387755
population,0.6390945833333334,0.2550791836734694
population,0.6407538997395833,0.25246255102040815
population,0.6424300520833334,0.24989306122448982
population,0.6441231575520834,0.24737132653061225
population,0.6458333333333334,0.24489795918367346
population,0.647086453125,0.24306886479591835
population,0.6483457916666667,0.24125500000000005
population,0.6496113177083332,0.2394562882653061
population,0.6508829999999999,0.23767265306122443
population,0.6521608072916666,0.23590401785714288
population,0.6534447083333333,0.234150306122449
population,0.6547346718749999,0.23241144132653063
population,0.6560306666666665,0.23068734693877546
population,0.6573326614583332,0.2289779464285714
population,0.6586406249999999,0.22728316326530612
population,0.6599545260416665,0.22560292091836728
population,0.6612743333333333,0.22393714285714283
population,0.6626000156250001,0.22228575255102045
population,0.6639315416666666,0.22064867346938774
population,0.6652688802083334,0.21902582908163265
population,0.6666120000000001,0.2174171428571429
population,0.6679608697916667,0.21582253826530615
population,0.6693154583333335,0.21424193877551023
population,0.6706757343750002,0.21267526785714286
population,0.6720416666666668,0.21112244897959184
population,0.6734132239583334,0.2095834056122449
population,0.674790375,0.2080580612244898
population,0.6761730885416667,0.20654633928571434
population,0.6775613333333332,0.20504816326530612
population,0.678955078125,0.20356345663265307
population,0.6803542916666667,0.2020921428571428
population,0.6817589427083331,0.20063414540816327
population,0.6831689999999999,0.19918938775510203
population,0.6845844322916665,0.19775779336734692
population,0.6860052083333333,0.1963392857142857
population,0.6874312968749999,0.19493378826530613
population,0.6888626666666666,0.19354122448979588
population,0.6902992864583332,0.1921615178571428
population,0.691741125,0.19079459183673467
population,0.6931881510416668,0.18944036989795915
population,0.6946403333333335,0.18809877551020407
population,0.696097640625,0.1867697321428571
population,0.6975600416666667,0.18545316326530614
population,0.6990275052083333,0.1841489923469387
population,0.7005000000000002,0.1828571428571429
population,0.7019774947916666,0.18157753826530607
population,0.7034599583333335,0.18031010204081635
population,0.7049473593750001,0.17905475765306123
population,0.7064396666666667,0.1778114285714286
population,0.7079368489583334,0.17658003826530616
population,0.709438875,0.17536051020408164
population,0.7109457135416668,0.17415276785714287
population,0.7124573333333335,0.17295673469387757
population,0.7139737031249999,0.17177233418367346
population,0.7154947916666666,0.17059948979591838
population,0.7170205677083333,0.16943812499999997
population,0.718551,0.1682881632653061
population,0.7200860572916666,0.16714952806122446
population,0.7216257083333333,0.1660221428571428
population,0.7231699218750002,0.16490593112244897
population,0.7247186666666666,0.1638008163265306
population,0.7262719114583333,0.1627067219387755
population,0.7278296249999997,0.16162357142857142
population,0.7293917760416667,0.16055128826530618
population,0.7309583333333332,0.15948979591836732
population,0.7325292656250002,0.1584390178571429
population,0.7341045416666665,0.15739887755102036
population,0.7356841302083335,0.1563692984693878
population,0.7372679999999999,0.1553502040816326
population,0.7388561197916669,0.1543415178571429
population,0.7404484583333333,0.15334316326530611
population,0.7420449843750001,0.15235506377551025
population,0.7436456666666665,0.15137714285714282
population,0.7452504739583334,0.15040932397959186
population,0.7468593749999998,0.14945153061224487
population,0.7484723385416667,0.14850368622448978
population,0.7500893333333335,0.1475657142857143
population,0.751710328125,0.14663753826530612
population,0.7533352916666667,0.1457190816326531
population,0.7549641927083334,0.14481026785714285
population,0.7565970000000001,0.14391102040816325
population,0.7582336822916665,0.14302126275510202
population,0.7598742083333333,0.1421409183673469
population,0.761518546875,0.1412699107142857
population,0.7631666666666667,0.14040816326530614
population,0.7648185364583333,0.1395555994897959
population,0.7664741249999999,0.13871214285714284
population,0.7681334010416667,0.1378777168367347
population,0.7697963333333334,0.1370522448979592
population,0.771462890625,0.13623565051020406
population,0.7731330416666667,0.13542785714285716
population,0.7748067552083332,0.13462878826530608
population,0.7764840000000001,0.1338383673469388
population,0.7781647447916665,0.13305651785714281
population,0.7798489583333336,0.13228316326530618
population,0.7815366093749999,0.1315182270408163
population,0.7832276666666669,0.13076163265306126
population,0.7849220989583331,0.1300133035714285
population,0.7866198750000001,0.12927316326530613
population,0.7883209635416665,0.1285411352040816
population,0.7900253333333334,0.12781714285714285
population,0.7917329531249999,0.12710110969387753
population,0.7934437916666667,0.12639295918367346
population,0.7951578177083335,0.12569261479591837
population,0.796875,0.125
population,0.7985953072916666,0.12431503826530611
population,0.8003187083333333,0.1236376530612245
population,0.8020451718750001,0.12296776785714285
population,0.8037746666666666,0.12230530612244898
population,0.8055071614583333,0.12165019132653061
population,0.8072426250000001,0.1210023469387755
population,0.8089810260416667,0.1203616964285714
population,0.8107223333333332,0.1197281632653061
population,0.8124665156249998,0.11910167091836732
population,0.8142135416666667,0.11848214285714284
population,0.8159633802083333,0.11786950255102038
population,0.8177160000000002,0.11726367346938774
population,0.8194713697916667,0.11666457908163264
population,0.8212294583333334,0.11607214285714283
population,0.8229902343750001,0.11548628826530612
population,0.8247536666666667,0.11490693877551021
population,0.8265197239583332,0.11433401785714285
population,0.828288375,0.11376744897959182
population,0.8300595885416667,0.11320715561224491
population,0.8318333333333334,0.1126530612244898
population,0.833609578125,0.1121050892857143
population,0.8353882916666665,0.11156316326530612
population,0.8371694427083334,0.11102720663265303
population,0.8389530000000001,0.11049714285714286
population,0.8407389322916666,0.10997289540816327
population,0.8425272083333333,0.10945438775510205
population,0.844317796875,0.10894154336734693
population,0.8461106666666668,0.10843428571428573
population,0.8479057864583334,0.10793253826530612
population,0.849703125,0.10743622448979591
population,0.8515026510416667,0.10694526785714285
population,0.8533043333333333,0.1064595918367347
population,0.8551081406250001,0.10597911989795918
population,0.8569140416666666,0.10550377551020408
population,0.8587220052083334,0.10503348214285714
population,0.8605320000000001,0.10456816326530612
population,0.8623439947916668,0.10410774234693877
population,0.8641579583333333,0.10365214285714285
population,0.865973859375,0.10320128826530611
population,0.8677916666666666,0.10275510204081631
population,0.8696113489583334,0.10231350765306124
population,0.871432875,0.10187642857142858
population,0.8732562135416666,0.10144378826530613
population,0.8750813333333332,0.10101551020408164
population,0.8769082031250001,0.10059151785714285
population,0.8787367916666667,0.10017173469387755
population,0.8805670677083333,0.09975608418367347
population,0.8823989999999999,0.09934448979591838
population,0.8842325572916666,0.098936875
population,0.8860677083333334,0.09853316326530612
population,0.887904421875,0.09813327806122447
population,0.8897426666666667,0.09773714285714287
population,0.8915824114583334,0.09734468112244898
population,0.8934236249999999,0.09695581632653061
population,0.8952662760416666,0.09657047193877552
population,0.8971103333333333,0.09618857142857143
population,0.8989557656250001,0.09581003826530612
population,0.9008025416666667,0.09543479591836734
population,0.9026506302083334,0.09506276785714286
population,0.9045000000000001,0.09469387755102042
population,0.9063506197916666,0.09432804846938776
population,0.9082024583333332,0.09396520408163264
population,0.910055484375,0.09360526785714285
population,0.9119096666666667,0.0932481632653061
population,0.9137649739583334,0.0928938137755102
population,0.9156213750000001,0.09254214285714285
population,0.9174788385416667,0.09219307397959184
population,0.9193373333333333,0.09184653061224489
population,0.9211968281250001,0.0915024362244898
population,0.9230572916666667,0.09116071428571429
population,0.9249186927083333,0.09082128826530612
population,0.926781,0.09048408163265306
population,0.9286441822916666,0.09014901785714285
population,0.9305082083333333,0.08981602040816325
population,0.932373046875,0.08948501275510204
population,0.9342386666666668,0.08915591836734692
population,0.9361050364583333,0.08882866071428572
population,0.937972125,0.08850316326530613
population,0.9398399010416668,0.08817934948979592
population,0.9417083333333335,0.08785714285714286
population,0.9435773906249999,0.0875364668367347
population,0.9454470416666667,0.08721724489795919
population,0.9473172552083334,0.08689940051020409
population,0.949188,0.08658285714285713
population,0.9510592447916667,0.08626753826530612
population,0.9529309583333333,0.08595336734693877
population,0.9548031093749999,0.08564026785714286
population,0.9566756666666666,0.08532816326530612
population,0.9585485989583334,0.08501697704081633
population,0.9604218750000001,0.08470663265306122
population,0.9622954635416666,0.08439705357142857
population,0.9641693333333333,0.08408816326530612
population,0.9660434531250001,0.08377988520408164
population,0.9679177916666667,0.08347214285714286
population,0.9697923177083334,0.08316485969387755
population,0.971667,0.08285795918367346
population,0.9735418072916665,0.08255136479591836
population,0.9754167083333334,0.082245
population,0.9772916718749999,0.08193878826530612
population,0.9791666666666666,0.08163265306122448
training,0.03125,0.6326530612244898
training,0.03390546354166666,0.6274596931122449
training,0.03655933333333334,0.6222877489795918
training,0.03921157812499999,0.6171372242346937
training,0.041862166666666666,0.6120081142857142
training,0.04451106770833333,0.6069004145408163
training,0.04715824999999999,0.6018141204081633
training,0.04980368229166666,0.5967492272959184
training,0.052447333333333325,0.5917057306122449
training,0.055089171875,0.5866836257653061
training,0.05772916666666666,0.5816829081632653
training,0.06036728645833333,0.5767035732142856
training,0.06300349999999998,0.5717456163265305
training,0.06563777604166669,0.5668090329081633
training,0.06827008333333333,0.5618938183673469
training,0.070900390625,0.556999968112245
training,0.07352866666666667,0.5521274775510204
training,0.07615488020833334,0.5472763420918368
training,0.07877900000000002,0.5424465571428572
training,0.08140099479166667,0.5376381181122449
training,0.08402083333333334,0.5328510204081633
training,0.08663848437499999,0.5280852594387756
training,0.08925391666666667,0.523340830612245
training,0.09186709895833335,0.5186177293367347
training,0.09447799999999999,0.5139159510204081
training,0.09708658854166667,0.5092354910714286
training,0.09969283333333333,0.5045763448979591
training,0.102296703125,0.4999385079081633
training,0.10489816666666668,0.49532197551020407
training,0.10749719270833331,0.49072674311224485
training,0.11009374999999999,0.48615280612244893
training,0.11268780729166665,0.48160015994897953
training,0.11527933333333333,0.4770687999999999
training,0.11786829687499999,0.47255872168367336
training,0.1204546666666667,0.4680699204081633
training,0.12303841145833333,0.46360239158163263
training,0.1256195,0.459156130612245
training,0.12819790104166665,0.4547311329081631
training,0.13077358333333336,0.4503273938775511
training,0.13334651562499997,0.4459449089285713
training,0.1359166666666667,0.44158367346938787
training,0.13848400520833332,0.4372436829081631
training,0.14104850000000002,0.4329249326530613
training,0.14361011979166668,0.4286274181122449
training,0.1461688333333333,0.42435113469387764
training,0.14872460937500004,0.4200960778061225
training,0.15127741666666664,0.41586224285714285
training,0.15382722395833337,0.41164962525510207
training,0.156374,0.4074582204081633
training,0.15891771354166667,0.4032880237244898
training,0.16145833333333334,0.3991390306122449
training,0.163995828125,0.3950112364795918
training,0.16653016666666665,0.3909046367346939
training,0.16906131770833333,0.38681922678571423
training,0.17158925000000003,0.3827550020408163
training,0.1741139322916667,0.3787119579081633
training,0.17663533333333337,0.37469008979591834
training,0.17915342187500002,0.3706893931122449
training,0.18166816666666666,0.3667098632653061
training,0.18417953645833338,0.36275149566326537
training,0.18668749999999998,0.3588142857142856
training,0.18919202604166666,0.3548982288265307
training,0.19169308333333332,0.35100332040816323
training,0.19419064062500002,0.347129555867347
training,0.1966846666666667,0.3432769306122448
training,0.19917513020833336,0.3394454400510205
training,0.201662,0.3356350795918367
training,0.2041452447916667,0.33184584464285716
training,0.20662483333333329,0.3280777306122448
training,0.209100734375,0.3243307329081633
training,0.21157291666666667,0.32060484693877545
training,0.21404134895833335,0.3169000681122449
training,0.21650599999999998,0.3132163918367348
training,0.21896683854166665,0.3095538135204082
training,0.2214238333333333,0.3059123285714286
training,0.223876953125,0.30229193239795915
training,0.22632616666666663,0.29869262040816325
training,0.22877144270833336,0.29511438801020407
training,0.23121275,0.29155723061224487
training,0.23365005729166666,0.288021143622449
training,0.23608333333333334,0.2845061224489796
training,0.238512546875,0.2810121625
training,0.2409376666666667,0.27753925918367345
training,0.24335866145833332,0.27408740790816327
training,0.24577550000000004,0.2706566040816327
training,0.24818815104166667,0.2672468431122449
training,0.2505965833333334,0.26385812040816337
training,0.25300076562499996,0.26049043137755096
training,0.25540066666666666,0.25714377142857153
training,0.2577962552083333,0.2538181359693877
training,0.26018750000000007,0.2505135204081633
training,0.26257436979166665,0.24722992015306117
training,0.26495683333333336,0.24396733061224496
training,0.26733485937499996,0.24072574719387746
training,0.26970841666666673,0.2375051653061225
training,0.2720774739583333,0.23430558035714277
training,0.274442,0.23112698775510207
training,0.2768019635416666,0.22796938290816327
training,0.2791573333333333,0.22483276122448984
training,0.281508078125,0.22171711811224487
training,0.2838541666666667,0.21862244897959185
training,0.28619556770833326,0.21554874923469383
training,0.28853225000000005,0.2124960142857143
training,0.2908641822916667,0.2094642395408163
training,0.2931913333333333,0.20645342040816325
training,0.295513671875,0.20346355229591837
training,0.2978311666666667,0.2004946306122449
training,0.30014378645833334,0.19754665076530611
training,0.3024515,0.19461960816326523
training,0.30475427604166666,0.19171349821428565
training,0.30705208333333334,0.18882831632653058
training,0.30934489062500004,0.18596405790816325
training,0.3116326666666667,0.18312071836734692
training,0.31391538020833337,0.18029829311224482
training,0.316193,0.17749677755102036
training,0.3184654947916667,0.17471616709183668
training,0.3207328333333333,0.17195645714285715
training,0.32299498437499996,0.1692176431122449
training,0.32525191666666664,0.1664997204081633
training,0.3275035989583333,0.16380268443877552
training,0.32975,0.1611265306122449
training,0.33199108854166665,0.1584712543367347
training,0.3342268333333333,0.15583685102040817
training,0.336457203125,0.15322331607142858
training,0.3386821666666667,0.1506306448979592
training,0.3409016927083333,0.14805883290816327
training,0.34311575,0.14550787551020405
training,0.3453243072916667,0.14297776811224489
training,0.34752733333333335,0.140468506122449
training,0.3497247968750001,0.1379800849489796
training,0.35191666666666666,0.13551249999999998
training,0.35410291145833334,0.13306574668367346
training,0.3562835,0.13063982040816327
training,0.3584584010416667,0.12823471658163263
training,0.3606275833333334,0.1258504306122449
training,0.36279101562500005,0.12348695790816323
training,0.36494866666666664,0.12114429387755099
training,0.36710050520833337,0.11882243392857139
training,0.36924650000000003,0.11652137346938775
training,0.3713866197916667,0.11424110790816323
training,0.3735208333333333,0.11198163265306119
training,0.375649109375,0.10974294311224492
training,0.3777714166666666,0.10752503469387756
training,0.37988772395833337,0.10532790280612245
training,0.381998,0.10315154285714286
training,0.3841022135416667,0.10099595025510205
training,0.3862003333333333,0.09886112040816326
training,0.388292328125,0.0967470487244898
training,0.39037816666666664,0.09465373061224491
training,0.3924578177083333,0.09258116147959183
training,0.39453125,0.09052933673469388
training,0.39659843229166664,0.08849825178571429
training,0.3986593333333334,0.08648790204081631
training,0.400713921875,0.08449828290816325
training,0.4027621666666667,0.08252938979591835
training,0.40480403645833335,0.08058121811224489
training,0.40683949999999997,0.07865376326530611
training,0.4088685260416667,0.0767470206632653
training,0.4108910833333333,0.0748609857142857
training,0.41290714062500006,0.0729956538265306
training,0.41491666666666677,0.07115102040816325
training,0.4169196302083334,0.06932708086734692
training,0.418916,0.06752383061224487
training,0.42090574479166665,0.06574126505102039
training,0.4228888333333334,0.06397937959183672
training,0.42486523437500007,0.06223816964285712
training,0.42683491666666673,0.06051763061224487
training,0.4287978489583333,0.05881775790816327
training,0.4307539999999999,0.05713854693877552
training,0.4327033385416667,0.055479993112244906
training,0.43464583333333334,0.053842091836734704
training,0.436581453125,0.05222483852040817
training,0.43851016666666665,0.050628228571428575
training,0.44043194270833325,0.04905225739795919
training,0.44234674999999996,0.04749692040816327
training,0.4442545572916667,0.045962213010204075
training,0.4461553333333333,0.04444813061224489
training,0.448049046875,0.04295466862244897
training,0.44993566666666673,0.04148182244897959
training,0.4518151614583334,0.0400295875
training,0.4536875,0.038597959183673466
training,0.4555526510416667,0.03718693290816326
training,0.45741058333333334,0.03579650408163264
training,0.4592612656250001,0.03442666811224488
training,0.46110466666666666,0.03307742040816325
training,0.46294075520833333,0.03174875637755101
training,0.4647695,0.030440671428571413
training,0.4665908697916667,0.02915316096938774
training,0.4684048333333333,0.02788622040816325
training,0.47021135937499997,0.026639845153061212
training,0.4720104166666667,0.02541403061224488
training,0.4738019739583333,0.024208772193877532
training,0.4755859999999999,0.023024065306122457
training,0.47736246354166667,0.02185990535714286
training,0.4791313333333333,0.020716287755102047
training,0.480892578125,0.019593207908163268
training,0.4826461666666666,0.0184906612244898
training,0.4843920677083333,0.0174086431122449
training,0.48613025,0.01634714897959184
training,0.4878606822916667,0.015306174234693878
training,0.4895833333333333,0.014285714285714285
training,0.9791666666666666,0.014285714285714285
