series,training_progress_position,error_position
training,0.020202020202020204,0.782608695652174
training,0.02140960984848485,0.7809425190217391
training,0.022608191919191917,0.7792053695652175
training,0.023797849747474748,0.7773980135869565
training,0.024978666666666663,0.7755212173913043
training,0.026150726010101006,0.7735757472826086
training,0.027314111111111112,0.7715623695652173
training,0.028468905303030298,0.7694818505434782
training,0.029615191919191913,0.7673349565217389
training,0.030753054292929287,0.7651224538043478
training,0.031882575757575755,0.7628451086956521
training,0.033003839646464646,0.7605036874999999
training,0.03411692929292929,0.7580989565217391
training,0.03522192803030304,0.7556316820652175
training,0.03631891919191919,0.7531026304347825
training,0.03740798611111112,0.7505125679347827
training,0.038489212121212125,0.7478622608695653
training,0.03956268055555556,0.7451524755434782
training,0.040628474747474747,0.7423839782608695
training,0.04168667803030304,0.7395575353260869
training,0.04273737373737375,0.7366739130434783
training,0.0437806452020202,0.7337338777173915
training,0.04481657575757576,0.7307381956521739
training,0.045845248737373744,0.7276876331521741
training,0.04686674747474747,0.7245829565217392
training,0.047881155303030304,0.7214249320652174
training,0.04888855555555556,0.7182143260869565
training,0.04988903156565657,0.7149519048913042
training,0.050882666666666666,0.7116384347826087
training,0.0518695441919192,0.7082746820652174
training,0.052849747474747466,0.7048614130434782
training,0.05382335984848484,0.701399394021739
training,0.05479046464646463,0.6978893913043478
training,0.0557511452020202,0.6943321711956522
training,0.05670548484848485,0.6907284999999999
training,0.05765356691919191,0.6870791440217391
training,0.05859547474747474,0.6833848695652175
training,0.05953129166666666,0.6796464429347825
training,0.060461101010101014,0.6758646304347827
training,0.0613849861111111,0.6720401983695651
training,0.062303030303030325,0.6681739130434784
training,0.06321531691919191,0.6642665407608694
training,0.0641219292929293,0.6603188478260871
training,0.06502295075757576,0.6563316005434783
training,0.06591846464646464,0.6523055652173914
training,0.06680855429292931,0.6482415081521741
training,0.06769330303030303,0.644140195652174
training,0.0685727941919192,0.6400023940217392
training,0.06944711111111113,0.6358288695652174
training,0.07031633712121213,0.6316203885869566
training,0.07118055555555555,0.6273777173913043
training,0.07203984974747474,0.6231016222826087
training,0.07289430303030302,0.6187928695652173
training,0.07374399873737374,0.6144522255434782
training,0.07458902020202021,0.6100804565217391
training,0.07542945075757576,0.6056783288043479
training,0.07626537373737373,0.6012466086956522
training,0.07709687247474747,0.5967860624999999
training,0.07792403030303029,0.592297456521739
training,0.07874693055555555,0.5877815570652174
training,0.07956565656565655,0.5832391304347824
training,0.08038029166666667,0.5786709429347827
training,0.08119091919191919,0.5740777608695651
training,0.08199762247474748,0.5694603505434783
training,0.08280048484848485,0.5648194782608694
training,0.08359958964646466,0.5601559103260871
training,0.0843950202020202,0.5554704130434781
training,0.08518685984848486,0.5507637527173914
training,0.08597519191919191,0.5460366956521738
training,0.08676009974747477,0.541290008152174
training,0.08754166666666667,0.536524456521739
training,0.08831997601010101,0.5317408070652175
training,0.08909511111111111,0.5269398260869567
training,0.0898671553030303,0.5221222798913044
training,0.09063619191919194,0.5172889347826087
training,0.0914023042929293,0.5124405570652174
training,0.09216557575757577,0.5075779130434782
training,0.09292608964646464,0.502701769021739
training,0.09368392929292929,0.4978128913043478
training,0.09443917803030302,0.49291204619565215
training,0.09519191919191919,0.488
training,0.0959422361111111,0.4830775190217391
training,0.09669021212121212,0.47814536956521736
training,0.09743593055555558,0.47320431793478257
training,0.09817947474747475,0.46825513043478273
training,0.09892092803030302,0.46329857336956515
training,0.09966037373737376,0.4583354130434783
training,0.1003978952020202,0.4533664157608695
training,0.10113357575757577,0.44839234782608706
training,0.10186749873737373,0.44341397554347817
training,0.1025997474747475,0.4384320652173914
training,0.10333040530303031,0.4334473831521738
training,0.10405955555555559,0.42846069565217404
training,0.10478728156565656,0.42347276902173886
training,0.10551366666666669,0.4184843695652175
training,0.1062387941919192,0.4134962635869564
training,0.10696274747474749,0.4085092173913044
training,0.10768560984848485,0.4035239972826087
training,0.10840746464646464,0.3985413695652174
training,0.10912839520202021,0.39356210054347823
training,0.10984848484848485,0.38858695652173914
training,0.11056781691919192,0.38361670380434776
training,0.11128647474747476,0.3786521086956522
training,0.11200454166666668,0.37369393749999996
training,0.11272210101010102,0.3687429565217391
training,0.1134392361111111,0.3637999320652173
training,0.11415603030303031,0.35886563043478265
training,0.11487256691919191,0.35394081793478255
training,0.11558892929292928,0.3490262608695652
training,0.11630520075757576,0.34412272554347817
training,0.11702146464646467,0.33923097826086956
training,0.11773780429292931,0.3343517853260869
training,0.11845430303030303,0.32948591304347824
training,0.1191710441919192,0.32463412771739125
training,0.11988811111111111,0.31979719565217385
training,0.12060558712121215,0.3149758831521739
training,0.12132355555555556,0.31017095652173915
training,0.12204209974747475,0.3053831820652174
training,0.12276130303030303,0.30061332608695657
training,0.12348124873737372,0.2958621548913044
training,0.12420202020202022,0.29113043478260875
training,0.12492370075757576,0.28641893206521735
training,0.12564637373737372,0.2817284130434783
training,0.12637012247474746,0.2770596440217391
training,0.12709503030303032,0.27241339130434783
training,0.12782118055555555,0.26779042119565216
training,0.1285486565656566,0.2631915
training,0.12927754166666666,0.25861739402173906
training,0.1300079191919192,0.2540688695652174
training,0.13073987247474747,0.24954669293478263
training,0.13147348484848484,0.24505163043478256
training,0.13220883964646465,0.24058444836956522
training,0.1329460202020202,0.23614591304347826
training,0.13368510984848486,0.23173679076086956
training,0.13442619191919192,0.22735784782608692
training,0.13516934974747477,0.2230098505434782
training,0.13591466666666668,0.21869356521739125
training,0.13666222601010103,0.21440975815217386
training,0.13741211111111112,0.21015919565217386
training,0.1381644053030303,0.20594264402173912
training,0.13891919191919191,0.20176086956521733
training,0.1396765542929293,0.19761463858695658
training,0.14043657575757573,0.19350471739130437
training,0.14119933964646464,0.18943187228260872
training,0.14196492929292928,0.18539686956521742
training,0.142733428030303,0.1814004755434783
training,0.14350491919191918,0.1774434565217391
training,0.1442794861111111,0.17352657880434785
training,0.14505721212121211,0.16965060869565218
training,0.14583818055555556,0.1658163125
training,0.14662247474747475,0.16202445652173914
training,0.147410178030303,0.15827580706521738
training,0.14820137373737377,0.1545711304347826
training,0.1489961452020202,0.15091119293478258
training,0.14979457575757577,0.14729676086956517
training,0.15059674873737375,0.14372860054347827
training,0.15140274747474747,0.14020747826086954
training,0.1522126553030303,0.13673416032608696
training,0.15302655555555555,0.13330941304347824
training,0.15384453156565658,0.12993400271739128
training,0.15466666666666667,0.12660869565217386
training,0.1554930441919192,0.1233342581521739
training,0.15632374747474745,0.1201114565217391
training,0.15715885984848485,0.11694105706521733
training,0.15799846464646464,0.11382382608695647
training,0.1588426452020202,0.11076052989130432
training,0.15969148484848486,0.10775193478260864
training,0.1605450669191919,0.10479880706521741
training,0.16140347474747474,0.10190191304347829
training,0.16226679166666666,0.09906201902173917
training,0.163135101010101,0.09627989130434784
training,0.16400848611111113,0.09355629619565219
training,0.1648870303030303,0.090892
training,0.1657708169191919,0.08828776902173911
training,0.1666599292929293,0.08574436956521739
training,0.16755445075757575,0.08326256793478261
training,0.16845446464646463,0.0808431304347826
training,0.1693600542929293,0.07848682336956521
training,0.17027130303030302,0.07619441304347827
training,0.1711882941919192,0.07396666576086956
training,0.17211111111111113,0.07180434782608694
training,0.17303983712121215,0.06970822554347825
training,0.17397455555555555,0.0676790652173913
training,0.17491534974747477,0.0657176331521739
training,0.175862303030303,0.06382469565217389
training,0.17681549873737376,0.062001019021739115
training,0.1777750202020202,0.060247369565217375
training,0.17874095075757576,0.0585645135869565
training,0.17971337373737373,0.05695321739130433
training,0.18069237247474748,0.05541424728260868
training,0.1816780303030303,0.053948369565217376
training,0.18267043055555557,0.05255635054347824
training,0.18366965656565656,0.05123895652173914
training,0.18467579166666664,0.04999695380434783
training,0.18568891919191918,0.04883110869565218
training,0.18670912247474747,0.04774218750000001
training,0.18773648484848485,0.046730956521739135
training,0.18877108964646463,0.045798182065217394
training,0.18981302020202018,0.044944630434782605
training,0.19086235984848487,0.04417106793478261
training,0.1919191919191919,0.043478260869565216
training,0.19450779671717172,0.043153801630434786
training,0.19712196969696968,0.04283258695652174
training,0.19976152146464643,0.042514600543478255
training,0.20242626262626262,0.042199826086956514
training,0.20511600378787878,0.0418882472826087
training,0.20783055555555555,0.04157984782608695
training,0.21056972853535352,0.04127461141304347
training,0.21333333333333326,0.04097252173913043
training,0.21612118055555554,0.04067356249999999
training,0.2189330808080808,0.040377717391304344
training,0.22176884469696967,0.04008497010869565
training,0.22462828282828282,0.039795304347826084
training,0.22751120580808087,0.03950870380434784
training,0.23041742424242426,0.039225152173913036
training,0.2333467487373738,0.03894463315217391
training,0.2362989898989899,0.03866713043478261
training,0.23927395833333334,0.03839262771739131
training,0.2422714646464647,0.038121108695652176
training,0.2452913194444445,0.037852557065217396
training,0.24833333333333338,0.037586956521739136
training,0.2513973169191919,0.03732429076086957
training,0.2544830808080808,0.037064543478260874
training,0.2575904356060607,0.03680769836956522
training,0.2607191919191919,0.03655373913043478
training,0.26386916035353536,0.036302649456521736
training,0.26704015151515154,0.036054413043478256
training,0.270231976010101,0.03580901358695652
training,0.27344444444444443,0.035566434782608694
training,0.2766773674242424,0.03532666032608695
training,0.2799305555555555,0.03508967391304347
training,0.2832038194444444,0.03485545923913043
training,0.28649696969696964,0.034623999999999995
training,0.2898098169191919,0.034395279891304344
training,0.29314217171717166,0.03416928260869565
training,0.2964938446969697,0.03394599184782609
training,0.2998646464646465,0.03372539130434783
training,0.30325438762626256,0.03350746467391304
training,0.30666287878787885,0.033292195652173916
training,0.3100899305555555,0.03307956793478261
training,0.3135353535353536,0.03286956521739132
training,0.31699895833333336,0.03266217119565217
training,0.32048055555555555,0.032457369565217394
training,0.3239799558080808,0.03225514402173913
training,0.3274969696969697,0.03205547826086957
training,0.3310314078282829,0.03185835597826087
training,0.33458308080808086,0.03166376086956522
training,0.3381517992424243,0.031471676630434785
training,0.34173737373737373,0.031282086956521744
training,0.3453396148989899,0.03109497554347826
training,0.3489583333333333,0.03091032608695652
training,0.3525933396464646,0.030728122282608693
training,0.3562444444444444,0.030548347826086952
training,0.3599114583333334,0.030370986413043477
training,0.3635941919191919,0.03019602173913043
training,0.3672924558080808,0.030023437500000003
training,0.3710060606060607,0.029853217391304348
training,0.37473481691919197,0.029685345108695648
training,0.37847853535353526,0.029519804347826084
training,0.38223702651515157,0.029356578804347833
training,0.3860101010101009,0.02919565217391304
training,0.38979756944444444,0.02903700815217392
training,0.3935992424242423,0.028880630434782603
training,0.3974149305555556,0.02872650271739131
training,0.4012444444444444,0.028574608695652166
training,0.4050875946969698,0.028424932065217397
training,0.4089441919191919,0.028277456521739127
training,0.4128140467171718,0.02813216576086957
training,0.4166969696969697,0.027989043478260863
training,0.4205927714646466,0.027848073369565223
training,0.42450126262626253,0.027709239130434774
training,0.4284222537878788,0.02757252445652174
training,0.4323555555555556,0.027437913043478264
training,0.4363009785353536,0.027305388586956525
training,0.4402583333333333,0.027174934782608698
training,0.4442274305555556,0.027046535326086956
training,0.4482080808080809,0.026920173913043476
training,0.4522000946969697,0.026795834239130432
training,0.45620328282828276,0.026673499999999996
training,0.4602174558080808,0.026553154891304342
training,0.46424242424242435,0.02643478260869565
training,0.46827799873737375,0.026318366847826083
training,0.4723239898989899,0.026203891304347825
training,0.4763802083333334,0.026091339673913045
training,0.4804464646464648,0.025980695652173917
training,0.4845225694444444,0.025871942934782604
training,0.4886083333333334,0.025765065217391307
training,0.49270356691919176,0.02566004619565217
training,0.49680808080808087,0.02555686956521739
training,0.5009216856060605,0.025455519021739124
training,0.505044191919192,0.025355978260869574
training,0.5091754103535353,0.025258230978260868
training,0.5133151515151516,0.025162260869565224
training,0.517463226010101,0.02506805163043477
training,0.5216194444444445,0.02497558695652174
training,0.5257836174242424,0.02488485054347826
training,0.5299555555555556,0.024795826086956522
training,0.5341350694444444,0.02470849728260869
training,0.5383219696969697,0.024622847826086952
training,0.542516066919192,0.024538861413043483
training,0.5467171717171717,0.024456521739130436
training,0.5509250946969697,0.024375812499999996
training,0.5551396464646465,0.02429671739130435
training,0.5593606376262626,0.024219220108695653
training,0.5635878787878787,0.024143304347826088
training,0.5678211805555555,0.024068953804347825
training,0.5720603535353536,0.023996152173913043
training,0.5763052083333333,0.023924883152173913
training,0.5805555555555555,0.023855130434782604
training,0.5848112058080808,0.0237868777173913
training,0.5890719696969698,0.02372010869565217
training,0.593337657828283,0.023654807065217387
training,0.5976080808080809,0.023590956521739127
training,0.6018830492424242,0.023528540760869566
training,0.6061623737373737,0.02346754347826087
training,0.61044586489899,0.023407948369565217
training,0.6147333333333332,0.023349739130434786
training,0.6190245896464646,0.02329289945652174
training,0.6233194444444443,0.02323741304347826
training,0.6276177083333333,0.023183263586956524
training,0.631919191919192,0.0231304347826087
training,0.6362237058080809,0.023078910326086954
training,0.6405310606060605,0.023028673913043477
training,0.6448410669191919,0.022979709239130435
training,0.6491535353535354,0.022932
training,0.6534682765151515,0.022885529891304348
training,0.6577851010101011,0.022840282608695653
training,0.6621038194444445,0.022796241847826085
training,0.6664242424242426,0.022753391304347826
training,0.6707461805555555,0.02271171467391304
training,0.6750694444444444,0.022671195652173914
training,0.6793938446969697,0.02263181793478261
training,0.6837191919191921,0.022593565217391306
training,0.6880452967171717,0.022556421195652175
training,0.6923719696969697,0.022520369565217392
training,0.6966990214646465,0.02248539402173913
training,0.7010262626262627,0.022451478260869562
training,0.7053535037878789,0.02241860597826087
training,0.7096805555555555,0.022386760869565214
training,0.7140072285353536,0.022355926630434782
training,0.7183333333333334,0.02232608695652174
training,0.7226586805555556,0.022297225543478263
training,0.7269830808080807,0.02226932608695652
training,0.7313063446969696,0.022242372282608697
training,0.7356282828282829,0.022216347826086957
training,0.7399487058080809,0.02219123641304348
training,0.7442674242424242,0.022167021739130433
training,0.7485842487373737,0.022143687500000002
training,0.7528989898989898,0.02212121739130435
training,0.7572114583333333,0.02209959510869565
training,0.7615214646464646,0.022078804347826088
training,0.7658288194444445,0.022058828804347827
training,0.7701333333333333,0.022039652173913044
training,0.7744348169191918,0.022021258152173907
training,0.7787330808080807,0.02200363043478261
training,0.7830279356060607,0.021986752717391308
training,0.787319191919192,0.021970608695652174
training,0.7916066603535354,0.02195518206521739
training,0.7958901515151515,0.021940456521739128
training,0.800169476010101,0.021926415760869563
training,0.8044444444444446,0.02191304347826087
training,0.8087148674242425,0.021900323369565218
training,0.8129805555555555,0.02188823913043478
training,0.8172413194444444,0.021876774456521742
training,0.8214969696969696,0.021865913043478256
training,0.825747316919192,0.02185563858695652
training,0.8299921717171719,0.021845934782608694
training,0.8342313446969696,0.021836785326086957
training,0.8384646464646465,0.02182817391304348
training,0.8426918876262626,0.021820084239130434
training,0.8469128787878787,0.021812500000000002
training,0.8511274305555555,0.021805404891304347
training,0.8553353535353536,0.02179878260869565
training,0.8595364583333333,0.021792616847826088
training,0.8637305555555554,0.021786891304347827
training,0.8679174558080808,0.021781589673913044
training,0.8720969696969696,0.02177669565217391
training,0.8762689078282829,0.021772192934782608
training,0.8804330808080808,0.021768065217391303
training,0.8845892992424245,0.021764296195652174
training,0.8887373737373738,0.021760869565217392
training,0.89287711489899,0.02175776902173913
training,0.8970083333333334,0.021754978260869563
training,0.9011308396464647,0.02175248097826087
training,0.9052444444444445,0.02175026086956522
training,0.9093489583333332,0.021748301630434782
training,0.9134441919191919,0.02174658695652174
training,0.9175299558080809,0.021745100543478262
training,0.9216060606060607,0.021743826086956523
training,0.925672316919192,0.021742747282608697
training,0.9297285353535354,0.02174184782608696
training,0.9337745265151516,0.02174111141304348
training,0.937810101010101,0.021740521739130436
training,0.9418350694444444,0.021740062499999997
training,0.9458492424242425,0.02173971739130435
training,0.9498524305555556,0.021739470108695653
training,0.9538444444444444,0.02173930434782609
training,0.9578250946969696,0.021739203804347823
training,0.961794191919192,0.021739152173913045
training,0.9657515467171717,0.021739133152173917
training,0.9696969696969697,0.021739130434782608
test,0.020202020202020204,0.8043478260869565
test,0.0233883547979798,0.8040233614130435
test,0.02658360606060606,0.8037021086956522
test,0.029787599747474743,0.8033840190217391
test,0.033000161616161615,0.8030690434782608
test,0.03622111742424242,0.8027571331521739
test,0.039450292929292925,0.8024482391304347
test,0.04268751388888889,0.8021423124999999
test,0.04593260606060606,0.8018393043478261
test,0.04918539520202019,0.8015391657608696
test,0.052445707070707066,0.8012418478260869
test,0.05571336742424241,0.8009473016304346
test,0.05898820202020202,0.8006554782608696
test,0.062270036616161636,0.800366328804348
test,0.06555869696969698,0.800079804347826
test,0.06885400883838384,0.7997958559782611
test,0.07215579797979799,0.7995144347826089
test,0.07546389015151517,0.7992354918478262
test,0.0787781111111111,0.7989589782608696
test,0.08209828661616163,0.7986848451086956
test,0.08542424242424243,0.7984130434782609
test,0.08875580429292929,0.7981435244565217
test,0.09209279797979797,0.7978762391304347
test,0.09543504924242426,0.7976111385869566
test,0.09878238383838384,0.7973481739130434
test,0.10213462752525253,0.7970872961956522
test,0.10549160606060604,0.7968284565217391
test,0.10885314520202022,0.7965716059782607
test,0.11221907070707071,0.796316695652174
test,0.11558920833333332,0.7960636766304346
test,0.11896338383838383,0.7958124999999999
test,0.12234142297979796,0.7955631168478261
test,0.1257231515151515,0.7953154782608693
test,0.1291083952020202,0.7950695353260869
test,0.1324969797979798,0.7948252391304347
test,0.1358887310606061,0.7945825407608694
test,0.13928347474747477,0.7943413913043479
test,0.14268103661616158,0.7941017418478258
test,0.14608124242424245,0.7938635434782612
test,0.14948391792929291,0.7936267472826085
test,0.15288888888888896,0.7933913043478265
test,0.15629598106060605,0.7931571657608695
test,0.1597050202020202,0.7929242826086957
test,0.16311583207070707,0.792692605978261
test,0.1665282424242424,0.7924620869565218
test,0.1699420770202021,0.792232676630435
test,0.17335716161616163,0.7920043260869565
test,0.176773321969697,0.7917769864130435
test,0.18019038383838382,0.7915506086956523
test,0.18360817297979798,0.7913251440217391
test,0.18702651515151514,0.7911005434782609
test,0.1904452361111111,0.7908767581521738
test,0.19386416161616157,0.7906537391304347
test,0.19728311742424248,0.7904314375000001
test,0.2007019292929293,0.790209804347826
test,0.20412042297979802,0.7899887907608697
test,0.20753842424242427,0.789768347826087
test,0.21095575883838388,0.7895484266304347
test,0.2143722525252525,0.7893289782608695
test,0.21778773106060612,0.789109953804348
test,0.22120202020202018,0.788891304347826
test,0.22461494570707075,0.788672980978261
test,0.2280263333333333,0.7884549347826086
test,0.2314360088383839,0.7882371168478263
test,0.234843797979798,0.7880194782608695
test,0.23824952651515155,0.7878019701086957
test,0.2416530202020202,0.7875845434782608
test,0.24505410479797984,0.7873671494565219
test,0.2484526060606061,0.7871497391304348
test,0.25184834974747483,0.7869322635869567
test,0.2552411616161616,0.7867146739130433
test,0.2586308674242424,0.7864969211956521
test,0.26201729292929293,0.7862789565217392
test,0.2654002638888888,0.7860607309782609
test,0.2687796060606061,0.785842195652174
test,0.2721551452020202,0.7856233016304348
test,0.2755267070707071,0.7854039999999999
test,0.27889411742424236,0.785184241847826
test,0.282257202020202,0.7849639782608695
test,0.2856157866161616,0.7847431603260869
test,0.288969696969697,0.7845217391304348
test,0.2923187588383838,0.7842996657608697
test,0.295662797979798,0.7840768913043477
test,0.29900164015151515,0.7838533668478262
test,0.30233511111111117,0.7836290434782609
test,0.30566303661616157,0.7834038722826087
test,0.30898524242424247,0.7831778043478262
test,0.3123015542929293,0.7829507907608694
test,0.315611797979798,0.7827227826086959
test,0.3189157992424242,0.7824937309782607
test,0.3222133838383839,0.7822635869565219
test,0.3255043775252525,0.7820323016304347
test,0.32878860606060606,0.7817998260869566
test,0.3320658952020201,0.7815661114130433
test,0.3353360707070708,0.7813311086956523
test,0.3385989583333333,0.781094769021739
test,0.34185438383838385,0.780857043478261
test,0.345102172979798,0.780617883152174
test,0.3483421515151515,0.7803772391304349
test,0.35157414520202024,0.7801350625
test,0.3547979797979798,0.779891304347826
test,0.35801348106060604,0.7796459157608694
test,0.3612204747474748,0.779398847826087
test,0.3644187866161616,0.7791500516304347
test,0.36760824242424245,0.7788994782608697
test,0.37078866792929294,0.7786470788043477
test,0.3739598888888889,0.7783928043478261
test,0.37712173106060604,0.7781366059782608
test,0.3802740202020202,0.7778784347826087
test,0.3834165820707071,0.777618241847826
test,0.38654924242424243,0.7773559782608696
test,0.38967182702020203,0.7770915951086955
test,0.39278416161616164,0.7768250434782609
test,0.39588607196969694,0.7765562744565218
test,0.3989773838383839,0.7762852391304347
test,0.40205792297979803,0.7760118885869566
test,0.4051275151515152,0.7757361739130435
test,0.408185986111111,0.7754580461956522
test,0.4112331616161615,0.7751774565217392
test,0.4142688674242424,0.774894355978261
test,0.41729292929292927,0.774608695652174
test,0.420305172979798,0.7743204266304349
test,0.4233054242424242,0.7740294999999999
test,0.42629350883838385,0.7737358668478261
test,0.4292692525252525,0.7734394782608697
test,0.4322324810606061,0.7731402853260869
test,0.4351830202020202,0.7728382391304348
test,0.4381206957070707,0.7725332907608695
test,0.44104533333333334,0.772225391304348
test,0.44395675883838387,0.7719144918478262
test,0.446854797979798,0.7716005434782608
test,0.44973927651515155,0.7712834972826086
test,0.45261002020202024,0.7709633043478261
test,0.4554668547979798,0.7706399157608697
test,0.4583096060606061,0.7703132826086956
test,0.4611380997474748,0.769983355978261
test,0.4639521616161616,0.7696500869565217
test,0.4667516174242424,0.7693134266304348
test,0.46953629292929294,0.7689733260869566
test,0.47230601388888893,0.7686297364130436
test,0.47506060606060607,0.768282608695652
test,0.47779989520202015,0.7679318940217392
test,0.48052370707070696,0.7675775434782608
test,0.4832318674242424,0.7672195081521739
test,0.4859242020202019,0.7668577391304348
test,0.48860053661616165,0.7664921874999999
test,0.49126069696969693,0.766122804347826
test,0.4939045088383838,0.7657495407608697
test,0.496531797979798,0.7653723478260869
test,0.4991423901515151,0.7649911766304348
test,0.5017361111111112,0.7646059782608695
test,0.5043127866161616,0.7642167038043478
test,0.5068722424242424,0.7638233043478262
test,0.5094143042929293,0.7634257309782609
test,0.5119387979797979,0.7630239347826088
test,0.5144455492424242,0.7626178668478261
test,0.5169343838383837,0.7622074782608695
test,0.5194051275252526,0.7617927201086957
test,0.521857606060606,0.7613735434782609
test,0.5242916452020202,0.7609498994565217
test,0.5267070707070708,0.7605217391304349
test,0.5291037083333334,0.7600890135869566
test,0.5314813838383838,0.7596516739130436
test,0.533839922979798,0.7592096711956521
test,0.5361791515151515,0.7587629565217391
test,0.5384988952020203,0.7583114809782608
test,0.5407989797979798,0.757855195652174
test,0.5430792310606061,0.7573940516304347
test,0.5453394747474748,0.7569279999999999
test,0.5475795366161617,0.7564569918478261
test,0.5497992424242424,0.7559809782608696
test,0.5519984179292929,0.7554999103260869
test,0.5541768888888889,0.7550137391304348
test,0.556334481060606,0.7545224157608695
test,0.5584710202020201,0.7540258913043477
test,0.5605863320707071,0.753524116847826
test,0.5626802424242424,0.7530170434782609
test,0.5647525770202021,0.7525046222826086
test,0.5668031616161616,0.7519868043478262
test,0.5688318219696971,0.7514635407608696
test,0.5708383838383839,0.7509347826086956
test,0.572822672979798,0.7504004809782608
test,0.5747845151515152,0.7498605869565218
test,0.576723736111111,0.7493150516304349
test,0.5786401616161616,0.7487638260869566
test,0.5805336174242424,0.7482068614130435
test,0.5824039292929293,0.747644108695652
test,0.584250922979798,0.7470755190217391
test,0.5860744242424242,0.7465010434782609
test,0.5878742588383838,0.745920633152174
test,0.5896502525252525,0.7453342391304348
test,0.5914022310606061,0.7447418124999999
test,0.5931300202020201,0.7441433043478262
test,0.5948334457070706,0.7435386657608696
test,0.5965123333333333,0.7429278478260869
test,0.5981665088383838,0.7423108016304347
test,0.599795797979798,0.7416874782608696
test,0.6014000265151515,0.7410578288043478
test,0.6029790202020202,0.7404218043478261
test,0.6045326047979798,0.7397793559782607
test,0.6060606060606061,0.7391304347826086
test,0.6072674444444445,0.7377935896739131
test,0.608463797979798,0.7363921956521738
test,0.6096497878787878,0.7349269211956522
test,0.6108255353535355,0.7333984347826087
test,0.6119911616161616,0.7318074048913045
test,0.6131467878787878,0.7301545
test,0.6142925353535353,0.7284403885869566
test,0.6154285252525252,0.7266657391304348
test,0.6165548787878786,0.7248312201086955
test,0.6176717171717171,0.7229374999999998
test,0.6187791616161615,0.7209852472826085
test,0.6198773333333332,0.7189751304347825
test,0.6209663535353537,0.7169078179347829
test,0.6220463434343434,0.7147839782608694
test,0.6231174242424242,0.7126042798913046
test,0.6241797171717172,0.710369391304348
test,0.6252333434343434,0.7080799809782611
test,0.6262784242424243,0.7057367173913044
test,0.6273150808080808,0.7033402690217392
test,0.6283434343434344,0.7008913043478261
test,0.6293636060606062,0.6983904918478261
test,0.6303757171717171,0.6958385
test,0.631379888888889,0.6932359972826088
test,0.6323762424242424,0.6905836521739129
test,0.633364898989899,0.687882133152174
test,0.6343459797979798,0.6851321086956521
test,0.635319606060606,0.6823342472826086
test,0.6362858989898991,0.6794892173913043
test,0.6372449797979798,0.6765976874999999
test,0.6381969696969696,0.6736603260869564
test,0.6391419898989898,0.6706778016304347
test,0.6400801616161614,0.6676507826086955
test,0.641011606060606,0.6645799374999999
test,0.6419364444444443,0.6614659347826086
test,0.642854797979798,0.6583094429347826
test,0.6437667878787879,0.6551111304347828
test,0.6446725353535352,0.6518716657608694
test,0.6455721616161616,0.6485917173913044
test,0.6464657878787877,0.6452719538043478
test,0.6473535353535356,0.6419130434782611
test,0.6482355252525251,0.6385156548913042
test,0.6491118787878789,0.6350804565217392
test,0.6499827171717173,0.6316081168478263
test,0.6508481616161617,0.6280993043478261
test,0.6517083333333336,0.6245546875000001
test,0.6525633535353534,0.6209749347826088
test,0.6534133434343434,0.6173607146739131
test,0.6542584242424243,0.6137126956521739
test,0.6550987171717171,0.6100315461956521
test,0.6559343434343434,0.6063179347826086
test,0.6567654242424243,0.6025725298913044
test,0.6575920808080807,0.5987959999999999
test,0.6584144343434344,0.5949890135869564
test,0.6592326060606061,0.5911522391304347
test,0.6600467171717173,0.5872863451086957
test,0.6608568888888888,0.583392
test,0.6616632424242425,0.5794698722826086
test,0.6624658989898988,0.5755206304347826
test,0.6632649797979798,0.5715449429347828
test,0.6640606060606058,0.5675434782608695
test,0.6648528989898991,0.5635169048913046
test,0.6656419797979797,0.5594658913043478
test,0.6664279696969697,0.555391105978261
test,0.6672109898989899,0.5512932173913042
test,0.6679911616161617,0.5471728940217393
test,0.668768606060606,0.543030804347826
test,0.6695434444444445,0.5388676168478261
test,0.6703157979797979,0.5346839999999999
test,0.671085787878788,0.5304806222826087
test,0.6718535353535353,0.5262581521739129
test,0.6726191616161616,0.5220172581521739
test,0.6733827878787879,0.5177586086956523
test,0.6741445353535354,0.5134828722826087
test,0.6749045252525253,0.5091907173913044
test,0.6756628787878788,0.5048828125
test,0.6764197171717172,0.5005598260869565
test,0.6771751616161616,0.49622242663043464
test,0.6779293333333333,0.4918712826086956
test,0.6786823535353536,0.4875070624999999
test,0.6794343434343434,0.48313043478260875
test,0.6801854242424242,0.4787420679347826
test,0.6809357171717171,0.4743426304347826
test,0.6816853434343435,0.4699327907608695
test,0.6824344242424244,0.4655132173913045
test,0.6831830808080807,0.4610845788043477
test,0.6839314343434344,0.4566475434782609
test,0.684679606060606,0.45220277989130425
test,0.6854277171717172,0.44775095652173924
test,0.6861758888888888,0.44329274184782597
test,0.6869242424242425,0.43882880434782623
test,0.687672898989899,0.43435981249999994
test,0.6884219797979799,0.4298864347826087
test,0.6891716060606059,0.42540933967391287
test,0.6899218989898991,0.42092919565217396
test,0.6906729797979797,0.4164466711956521
test,0.6914249696969698,0.41196243478260874
test,0.6921779898989899,0.40747715489130437
test,0.6929321616161617,0.4029915
test,0.6936876060606061,0.39850613858695655
test,0.6944444444444444,0.39402173913043476
test,0.6952027979797979,0.3895389701086956
test,0.695962787878788,0.38505849999999997
test,0.6967245353535354,0.38058099728260864
test,0.6974881616161618,0.37610713043478267
test,0.6982537878787878,0.3716375679347826
test,0.6990215353535355,0.36717297826086953
test,0.6997915252525252,0.3627140298913043
test,0.7005638787878787,0.35826139130434775
test,0.7013387171717173,0.35381573097826086
test,0.7021161616161616,0.34937771739130435
test,0.7028963333333333,0.34494801902173905
test,0.7036793535353536,0.340527304347826
test,0.7044653434343434,0.336116241847826
test,0.7052544242424242,0.33171549999999994
test,0.7060467171717171,0.32732574728260866
test,0.7068423434343435,0.3229476521739131
test,0.7076414242424243,0.3185818831521739
test,0.7084440808080809,0.3142291086956522
test,0.7092504343434344,0.3098899972826087
test,0.7100606060606062,0.3055652173913044
test,0.7108747171717172,0.3012554375
test,0.7116928888888888,0.2969613260869565
test,0.7125152424242424,0.29268355163043475
test,0.713341898989899,0.28842278260869564
test,0.7141729797979798,0.2841796875
test,0.715008606060606,0.2799549347826087
test,0.7158488989898991,0.2757491929347826
test,0.7166939797979799,0.2715631304347826
test,0.7175439696969698,0.2673974157608696
test,0.7183989898989899,0.2632527173913043
test,0.7192591616161615,0.2591297038043478
test,0.7201246060606061,0.2550290434782609
test,0.7209954444444445,0.25095140489130435
test,0.721871797979798,0.24689745652173906
test,0.722753787878788,0.24286786684782607
test,0.7236415353535354,0.23886330434782604
test,0.7245351616161617,0.23488443749999996
test,0.7254347878787879,0.23093193478260865
test,0.7263405353535354,0.22700646467391303
test,0.7272525252525252,0.22310869565217384
test,0.7281708787878789,0.21923929619565216
test,0.7290957171717172,0.2153989347826087
test,0.7300271616161617,0.21158827989130438
test,0.7309653333333332,0.207808
test,0.7319103535353535,0.20405876358695657
test,0.7328623434343434,0.20034123913043475
test,0.7338214242424244,0.19665609510869567
test,0.7347877171717171,0.193004
test,0.7357613434343434,0.18938562228260866
test,0.7367424242424242,0.18580163043478262
test,0.7377310808080809,0.1822526929347826
test,0.7387274343434344,0.1787394782608696
test,0.7397316060606061,0.17526265489130435
test,0.7407437171717172,0.1718228913043478
test,0.741763888888889,0.16842085597826087
test,0.7427922424242424,0.16505721739130433
test,0.743828898989899,0.1617326440217391
test,0.7448739797979799,0.15844780434782607
test,0.7459276060606062,0.15520336684782607
test,0.746989898989899,0.15199999999999997
test,0.7480609797979799,0.14883837228260868
test,0.7491409696969696,0.145719152173913
test,0.7502299898989898,0.14264300815217387
test,0.7513281616161617,0.13961060869565212
test,0.7524356060606062,0.13662262228260866
test,0.7535524444444445,0.1336797173913043
test,0.754678797979798,0.1307825625
test,0.7558147878787878,0.12793182608695652
test,0.7569605353535354,0.12512817663043482
test,0.7581161616161616,0.12237228260869566
test,0.7592817878787878,0.11966481250000002
test,0.7604575353535353,0.1170064347826087
test,0.7616435252525251,0.11439781793478261
test,0.7628398787878787,0.11183963043478261
test,0.7640467171717171,0.10933254076086957
test,0.7652641616161616,0.10687721739130435
test,0.7664923333333334,0.10447432880434782
test,0.7677313535353535,0.10212454347826086
test,0.7689813434343434,0.09982852989130435
test,0.7702424242424243,0.09758695652173913
test,0.7715147171717173,0.09540049184782609
test,0.7727983434343434,0.09326980434782606
test,0.7740934242424242,0.09119556249999998
test,0.7754000808080808,0.08917843478260867
test,0.7767184343434345,0.08721908967391301
test,0.7780486060606061,0.0853181956521739
test,0.7793907171717173,0.08347642119565216
test,0.7807448888888889,0.08169443478260867
test,0.7821112424242423,0.07997290489130433
test,0.783489898989899,0.0783125
test,0.7848809797979799,0.0767138885869565
test,0.786284606060606,0.0751777391304348
test,0.7877008989898989,0.07370472010869566
test,0.7891299797979797,0.07229550000000001
test,0.7905719696969697,0.07095074728260871
test,0.7920269898989898,0.06967113043478261
test,0.7934951616161616,0.0684573179347826
test,0.7949766060606062,0.06730997826086957
test,0.7964714444444444,0.06622977989130435
test,0.797979797979798,0.06521739130434782
test,0.7988888876262625,0.06489293206521739
test,0.7997979696969698,0.06457171739130435
test,0.8007070366161617,0.06425373097826086
test,0.8016160808080806,0.06393895652173912
test,0.8025250946969695,0.06362737771739131
test,0.8034340707070706,0.06331897826086956
test,0.8043430012626261,0.06301374184782609
test,0.8052518787878785,0.06271165217391304
test,0.8061606957070705,0.0624126929347826
test,0.8070694444444443,0.06211684782608695
test,0.8079781174242424,0.061824100543478255
test,0.8088867070707071,0.061534434782608685
test,0.809795205808081,0.06124783423913045
test,0.810703606060606,0.060964282608695644
test,0.8116119002525252,0.06068376358695652
test,0.8125200808080809,0.06040626086956522
test,0.813428140151515,0.06013175815217392
test,0.8143360707070708,0.05986023913043479
test,0.8152438648989899,0.05959168750000001
test,0.8161515151515152,0.059326086956521744
test,0.8170590138888888,0.05906342119565218
test,0.8179663535353535,0.05880367391304348
test,0.8188735265151517,0.058546828804347834
test,0.8197805252525252,0.05829286956521739
test,0.8206873421717171,0.058041779891304345
test,0.8215939696969696,0.057793543478260864
test,0.8225004002525252,0.057548144021739134
test,0.8234066262626262,0.0573055652173913
test,0.8243126401515151,0.05706579076086955
test,0.8252184343434342,0.05682880434782607
test,0.8261240012626261,0.05659458967391304
test,0.8270293333333331,0.056363130434782596
test,0.827934422979798,0.056134410326086945
test,0.8288392626262626,0.05590841304347825
test,0.8297438446969696,0.05568512228260869
test,0.8306481616161617,0.05546452173913045
test,0.8315522058080806,0.05524659510869564
test,0.8324559696969697,0.055031326086956524
test,0.8333594457070707,0.054818698369565204
test,0.8342626262626265,0.05460869565217393
test,0.8351655037878786,0.05440130163043477
test,0.8360680707070709,0.05419650000000001
test,0.8369703194444444,0.05399427445652174
test,0.8378722424242425,0.053794608695652175
test,0.8387738320707073,0.05359748641304349
test,0.8396750808080807,0.053402891304347826
test,0.840575981060606,0.0532108070652174
test,0.8414765252525254,0.05302121739130435
test,0.8423767058080809,0.05283410597826086
test,0.8432765151515151,0.05264945652173913
test,0.8441759457070708,0.0524672527173913
test,0.8450749898989898,0.05228747826086957
test,0.8459736401515151,0.052110116847826085
test,0.8468718888888889,0.051935152173913035
test,0.8477697285353536,0.051762567934782615
test,0.8486671515151516,0.05159234782608695
test,0.8495641502525253,0.05142447554347826
test,0.850460717171717,0.051258934782608685
test,0.8513568446969697,0.05109570923913045
test,0.8522525252525252,0.05093478260869564
test,0.8531477512626263,0.05077613858695654
test,0.8540425151515151,0.050619760869565204
test,0.8549368093434345,0.05046563315217393
test,0.8558306262626262,0.05031373913043478
test,0.8567239583333336,0.050164062500000016
test,0.8576167979797977,0.05001658695652174
test,0.8585091376262627,0.04987129619565218
test,0.8594009696969696,0.04972817391304347
test,0.8602922866161617,0.049587203804347835
test,0.8611830808080807,0.04944836956521738
test,0.8620733446969697,0.04931165489130435
test,0.8629630707070708,0.04917704347826087
test,0.8638522512626262,0.04904451902173913
test,0.8647408787878788,0.04891406521739131
test,0.8656289457070707,0.04878566576086957
test,0.8665164444444444,0.04865930434782609
test,0.8674033674242424,0.04853496467391304
test,0.868289707070707,0.0484126304347826
test,0.8691754558080808,0.04829228532608695
test,0.8700606060606062,0.04817391304347827
test,0.8709451502525252,0.04805749728260869
test,0.8718290808080807,0.04794302173913043
test,0.8727123901515151,0.04783047010869566
test,0.873595070707071,0.04771982608695653
test,0.8744771148989897,0.04761107336956521
test,0.8753585151515153,0.04750419565217392
test,0.8762392638888887,0.04739917663043477
test,0.8771193535353538,0.047296000000000005
test,0.8779987765151512,0.04719464945652173
test,0.8788775252525253,0.047095108695652185
test,0.8797555921717171,0.046997361413043476
test,0.8806329696969697,0.04690139130434784
test,0.881509650252525,0.04680718206521738
test,0.8823856262626264,0.04671471739130435
test,0.8832608901515149,0.04662398097826086
test,0.8841354343434343,0.04653495652173913
test,0.8850092512626264,0.0464476277173913
test,0.8858823333333332,0.04636197826086956
test,0.8867546729797978,0.04627799184782609
test,0.8876262626262627,0.04619565217391304
test,0.8884970946969696,0.04611494293478261
test,0.8893671616161617,0.04603584782608696
test,0.8902364558080809,0.04595835054347826
test,0.8911049696969697,0.04588243478260869
test,0.8919726957070708,0.04580808423913043
test,0.8928396262626261,0.045735282608695645
test,0.8937057537878789,0.04566401358695652
test,0.8945710707070706,0.045594260869565216
test,0.8954355694444444,0.045526008152173905
test,0.8962992424242424,0.04545923913043478
test,0.897162082070707,0.045393937499999995
test,0.8980240808080809,0.045330086956521735
test,0.898885231060606,0.04526767119565217
test,0.8997455252525253,0.04520667391304347
test,0.9006049558080809,0.04514707880434783
test,0.9014635151515152,0.0450888695652174
test,0.9023211957070707,0.04503202989130435
test,0.9031779898989897,0.04497654347826087
test,0.9040338901515153,0.044922394021739136
test,0.904888888888889,0.044869565217391306
test,0.9057429785353536,0.044818040760869565
test,0.9065961515151515,0.04476780434782608
test,0.9074484002525252,0.04471883967391305
test,0.9082997171717171,0.04467113043478261
test,0.9091500946969697,0.04462466032608696
test,0.9099995252525254,0.044579413043478254
test,0.9108480012626262,0.044535372282608704
test,0.9116955151515151,0.044492521739130445
test,0.9125420593434342,0.04445084510869566
test,0.9133876262626263,0.04441032608695651
test,0.9142322083333333,0.04437094836956522
test,0.9150757979797982,0.04433269565217391
test,0.9159183876262627,0.04429555163043479
test,0.9167599696969697,0.0442595
test,0.9176005366161615,0.04422452445652174
test,0.9184400808080808,0.044190608695652174
test,0.9192785946969698,0.04415773641304348
test,0.9201160707070706,0.044125891304347825
test,0.9209525012626264,0.044095057065217394
test,0.9217878787878788,0.044065217391304354
test,0.9226221957070707,0.044036355978260874
test,0.9234554444444445,0.044008456521739125
test,0.9242876174242425,0.0439815027173913
test,0.925118707070707,0.04395547826086957
test,0.9259487058080809,0.04393036684782609
test,0.926777606060606,0.043906152173913034
test,0.9276054002525254,0.0438828179347826
test,0.9284320808080807,0.04386034782608696
test,0.9292576401515151,0.04383872554347826
test,0.9300820707070707,0.043817934782608696
test,0.9309053648989899,0.043797959239130435
test,0.9317275151515153,0.04377878260869565
test,0.9325485138888888,0.043760388586956515
test,0.9333683535353536,0.04374276086956521
test,0.9341870265151516,0.043725883152173906
test,0.9350045252525253,0.04370973913043478
test,0.935820842171717,0.0436943125
test,0.9366359696969697,0.043679586956521736
test,0.9374499002525253,0.04366554619565218
test,0.9382626262626264,0.04365217391304348
test,0.9390741401515151,0.04363945380434783
test,0.9398844343434343,0.04362736956521739
test,0.9406935012626262,0.04361590489130434
test,0.9415013333333333,0.043605043478260865
test,0.942307922979798,0.04359476902173914
test,0.9431132626262626,0.043585065217391306
test,0.9439173446969698,0.043575915760869555
test,0.9447201616161616,0.04356730434782608
test,0.9455217058080808,0.04355921467391305
test,0.9463219696969697,0.043551630434782614
test,0.9471209457070706,0.04354453532608695
test,0.9479186262626262,0.04353791304347826
test,0.9487150037878787,0.043531747282608696
test,0.9495100707070707,0.04352602173913043
test,0.9503038194444444,0.043520720108695655
test,0.9510962424242423,0.04351582608695652
test,0.9518873320707071,0.04351132336956522
test,0.9526770808080809,0.04350719565217391
test,0.9534654810606061,0.043503426630434786
test,0.9542525252525252,0.043500000000000004
test,0.9550382058080809,0.04349689945652174
test,0.9558225151515152,0.04349410869565218
test,0.9566054457070707,0.04349161141304348
test,0.9573869898989901,0.04348939130434783
test,0.9581671401515152,0.043487432065217387
test,0.9589458888888889,0.04348571739130435
test,0.9597232285353536,0.04348423097826087
test,0.9604991515151515,0.04348295652173913
test,0.9612736502525253,0.04348187771739131
test,0.9620467171717172,0.043480978260869566
test,0.9628183446969696,0.04348024184782608
test,0.9635885252525253,0.043479652173913044
test,0.9643572512626263,0.04347919293478261
test,0.9651245151515152,0.043478847826086964
test,0.9658903093434343,0.04347860054347826
test,0.9666546262626261,0.04347843478260869
test,0.9674174583333333,0.04347833423913043
test,0.9681787979797981,0.043478282608695656
test,0.9689386376262626,0.04347826358695652
test,0.9696969696969697,0.043478260869565216
