x,source_density,target_density,source_eta,target_eta
-3.0,0.00332232470627514,9.34751207665121e-09,0.0024726231566347743,0.9975273768433653
-2.99,0.003491217570511121,1.025022410191238e-08,0.0025224474607696942,0.9974775525392304
-2.98,0.0036678280022536002,1.1237453160745496e-08,0.0025732731538103686,0.9974267268461897
-2.97,0.0038524607035188055,1.231684956157987e-08,0.002625120256660193,0.9973748797433398
-2.96,0.004045429913471107,1.3496730864588173e-08,0.002678009186213117,0.997321990813787
-2.95,0.004247059583592745,1.4786137722710505e-08,0.002731960763011059,0.997268039236989
-2.94,0.00445768354987125,1.6194894182660623e-08,0.002786996219042281,0.9972130037809578
-2.93,0.004677645701604452,1.773367278344712e-08,0.002843137205682937,0.9971568627943171
-2.92,0.004907300146409164,1.9414064813915244e-08,0.0029004058017842002,0.9970995941982158
-2.91,0.005147011371005005,2.1248656116345637e-08,0.0029588245219072285,0.9970411754780928
-2.9,0.005397154397331349,2.3251108850354768e-08,0.003018416324708424,0.9969815836752917
-2.89,0.005658114933540908,2.543624966030721e-08,0.003079204621477298,0.9969207953785226
-2.88,0.005930289519400554,2.7820164720283426e-08,0.0031412132848294273,0.9968587867151706
-2.87,0.006214085665615713,3.042030216345334e-08,0.0032044666575568774,0.996795533342443
-2.86,0.006509921986582582,3.325558243760377e-08,0.003268989561638619,0.9967310104383614
-2.85,0.006818228326058473,3.634651716566488e-08,0.0033348073074133443,0.9966651926925867
-2.84,0.007139445875229341,3.971533712951654e-08,0.0034019457029172643,0.9965980542970827
-2.83,0.007474027282640531,4.338613003724078e-08,0.0034704310633893315,0.9965295689366106
-2.82,0.007822436755446121,4.738498877848602e-08,0.0035402902209465065,0.9964597097790535
-2.81,0.008185150151420297,5.174017091981972e-08,0.003611550534431548,0.9963884494655685
-2.8,0.008562655061164855,5.6482270242086625e-08,0.003684239899435989,0.9963157601005641
-2.79,0.00895545087993574,6.16444011749205e-08,0.0037583867585008,0.9962416132414993
-2.78,0.00936404886850374,6.726239703995848e-08,0.0038340201114974476,0.9961659798885026
-2.77,0.00978897220245456,7.337502307401977e-08,0.003911169526191869,0.9960888304738083
-2.76,0.010230756009327064,8.002420526682948e-08,0.003989865148994104,0.996010134851006
-2.75,0.010689947392980343,8.725527611489233e-08,0.004070137715896128,0.995929862284104
-2.74,0.011167105444575411,9.51172384640901e-08,0.004152018563600642,0.9958479814363993
-2.73,0.011662801239550913,1.0366304868866632e-07,0.004235539640843424,0.9957644603591566
-2.7199999999999998,0.012177617819969181,1.1294992053369558e-07,0.00432073351991192,0.9956792664800881
-2.71,0.012712150161605039,1.230396510321093e-07,0.004407633408362808,0.9955923665916371
-2.7,0.01326700512514815,1.339989699961292e-07,0.004496273160941178,0.9955037268390589
-2.69,0.013842801390888353,1.458999146766876e-07,0.004586687291704019,0.9954133127082959
-2.68,0.014440169376253734,1.5882023128347996e-07,0.004678910986350701,0.9953210890136492
-2.67,0.015059751135573254,1.7284380516276709e-07,0.004772980114763201,0.9952270198852368
-2.66,0.01570220024143701,1.8806112154033737e-07,0.004868931243758641,0.9951310687562414
-2.65,0.016368181647033155,2.0456975885334782e-07,0.004966801650056961,0.995033198349943
-2.64,0.017058371528844086,2.2247491681730262e-07,0.005066629333466254,0.9949333706665338
-2.63,0.017773457109092942,2.4188998150369914e-07,0.005168453030288567,0.9948315469697114
-2.62,0.0185141364573382,2.6293712983981047e-07,0.005272312226948675,0.9947276877730513
-2.61,0.019281118270625914,2.857479760854307e-07,0.005378247173848609,0.9946217528261514
-2.6,0.020075121631618145,3.104642629920236e-07,0.005486298899450404,0.9945137011005495
-2.59,0.02089687574413174,3.372386005083331e-07,0.005596509224589802,0.9944034907754101
-2.58,0.02174711964553374,3.662352550631344e-07,0.0057089207770233425,0.9942910792229765
-2.57,0.022626601895458336,3.9763099263098215e-07,0.005823577006211519,0.9941764229937885
-2.56,0.023536080240325732,4.316159789707742e-07,0.0059405221983403695,0.9940594778016597
-2.55,0.024476321253166185,4.6839474062007414e-07,0.0060598014915841155,0.9939401985084158
-2.54,0.025448099948270308,5.081871904308443e-07,0.006181460891611144,0.9938185391083889
-2.53,0.02645219937021382,5.512297216447966e-07,0.006305547287335864,0.9936944527126641
-2.52,0.027489410156826582,5.977763747294168e-07,0.006432108466918635,0.9935678915330812
-2.51,0.028560530075705744,6.481000814293185e-07,0.0065611931340162286,0.9934388068659837
-2.5,0.029666363533898534,7.024939907319735e-07,0.0066928509242848554,0.9933071490757153
-2.49,0.030807721060414472,7.612728817031645e-07,0.00682713242213816,0.9931728675778617
-2.48,0.0319854187612553,8.247746684150218e-07,0.006964089177762089,0.9930359108222379
-2.4699999999999998,0.033200277746688996,8.933620024699292e-07,0.0071037737243887815,0.9928962262756111
-2.46,0.034453123530527534,9.67423978916171e-07,0.007246239595831429,0.9927537604041685
-2.45,0.03574478540120844,1.0473779516570444e-06,0.007391541344281971,0.9926084586557181
-2.44,0.03707609576451828,1.133671464774573e-06,0.007539734558373393,0.9924602654416266
-2.4299999999999997,0.03844788945783892,1.2267843065220015e-06,0.0076908758815083375,0.9923091241184917
-2.42,0.03986100303584118,1.3272306930870397e-06,0.007845023030455634,0.9921549769695442
-2.41,0.04131627402759549,1.4355615895897685e-06,0.00800223481421624,0.9919977651857838
-2.4,0.042814540165115225,1.5523671761567611e-06,0.008162571153159897,0.9918374288468401
-2.39,0.04435663858339945,1.6782794673057728e-06,0.008326093098433782,0.9916739069015661
-2.38,0.045943404992090854,1.8139750932843158e-06,0.008492862851644353,0.9915071371483557
-2.37,0.04757567281891534,1.960178252430627e-06,0.008662943784813162,0.9913370562151869
-2.36,0.049254272325127677,2.1176638440675612e-06,0.008836400460607722,0.9911635995393923
-2.35,0.050980029693237075,2.2872607918989195e-06,0.009013298652847822,0.990986701347152
-2.34,0.05275376608734858,2.469855568354702e-06,0.009193705367288094,0.990806294632712
-2.33,0.05457629668650988,2.666395930825397e-06,0.009377688862676856,0.9906223111373232
-2.32,0.056448429691515485,2.8778948812392855e-06,0.009565318672091675,0.9904346813279084
-2.31,0.05837096530567782,3.1054348609663157e-06,0.009756665624551356,0.9902433343754488
-2.3,0.060344694690140185,3.350172193583837e-06,0.009951801866904324,0.9900481981330957
-2.29,0.06237039889436375,3.6133417886066176e-06,0.01015080088599272,0.9898491991140074
-2.2800000000000002,0.06444884776249055,3.896262119873854e-06,0.010353737531091742,0.9896462624689083
-2.27,0.06658079881634368,4.200340492892384e-06,0.010560688036623122,0.9894393119633768
-2.26,0.06876699611589263,4.5270786160637475e-06,0.010771730045141625,0.9892282699548585
-2.25,0.07100816909807908,4.878078491370826e-06,0.01098694263059318,0.9890130573694068
-2.24,0.07330503139496268,5.255048640766648e-06,0.011206406321842867,0.9887935936781571
-2.23,0.07565827963221125,5.65981068519694e-06,0.011430203126470723,0.9885697968735292
-2.2199999999999998,0.0780685922090314,6.0943062938955325e-06,0.011658416554833108,0.988341583445167
-2.21,0.08053662806069727,6.560604522320471e-06,0.011891131644386993,0.988108868355613
-2.2,0.08306302540490462,7.060909557847822e-06,0.012128434984274237,0.9878715650157257
-2.19,0.08564840047324293,7.597568893107548e-06,0.012370414740162428,0.9876295852598377
-2.1799999999999997,0.08829334622914374,8.173081947636264e-06,0.012617160679338702,0.9873828393206613
-2.17,0.09099843107373122,8.790109159328719e-06,0.012868764196052507,0.9871312358039476
-2.16,0.09376419754106309,9.451481567998596e-06,0.0131253183371028,0.9868746816628972
-2.15,0.0965911609843151,1.0160210914205788e-05,0.013386917827664779,0.9866130821723351
-2.14,0.09947980825452543,1.0919500277372278e-05,0.013653659097350888,0.986346340902649
-2.13,0.10243059637357892,1.1732755278094932e-05,0.013925640306500396,0.9860743596934995
-2.12,0.10544395120316592,1.260359587046109e-05,0.014202961372691125,0.9857970386273088
-2.11,0.10852026611151809,1.3535868751095357e-05,0.014485723997466891,0.9855142760025332
-2.1,0.11165990063977112,1.4533660412597059e-05,0.014774031693273055,0.9852259683067269
-2.09,0.11486317916986932,1.560131086997963e-05,0.01506798981059282,0.9849320101894071
-2.08,0.11813038959597134,1.6743428089686545e-05,0.01536770556527555,0.9846322944347244
-2.07,0.12146178200137565,1.7964903151735988e-05,0.01567328806604857,0.9843267119339514
-2.06,0.1248575673430257,1.927092617653576e-05,0.01598484834220258,0.9840151516577974
-2.05,0.12831791614570817,2.0667003048910795e-05,0.016302499371440946,0.9836975006285591
-2.04,0.13184295720809389,2.2158972972894365e-05,0.016626356107881622,0.9833736438921183
-2.0300000000000002,0.13543277632281858,2.3753026891853e-05,0.016956535510200765,0.9830434644897993
-2.02,0.1390874150128319,2.5455726809537132e-05,0.017293156569905425,0.9827068434300946
-2.01,0.1428068692862813,2.7274026048679476e-05,0.017636340339722684,0.9823636596602773
-2.0,0.1465910884122283,2.921529048479162e-05,0.01798620996209156,0.9820137900379085
-1.99,0.15043997371951884,3.1287320793843035e-05,0.018342890697743287,0.9816571093022567
-1.98,0.1543533774211552,3.349837575353148e-05,0.018706509954354602,0.9812934900456455
-1.97,0.15833110146653792,3.585719663888179e-05,0.01907719731525816,0.9809228026847419
-1.96,0.1623728964239573,3.8373032753928645e-05,0.019455084568193035,0.9805449154318069
-1.95,0.16647846039573225,4.105566814223917e-05,0.01984030573407751,0.9801596942659225
-1.94,0.17064743796839313,4.39154495200405e-05,0.020232997095785403,0.9797670029042146
-1.93,0.1748794192003176,4.696331547668022e-05,0.0206332972269062,0.9793667027730938
-1.92,0.17917393864921594,5.0210826988125714e-05,0.021041347020468282,0.9789586529795317
-1.91,0.18353047444186818,5.367019929013257e-05,0.021457289717603523,0.9785427102823965
-1.9,0.1879484473884909,5.735433515863552e-05,0.021881270936130476,0.9781187290638694
-1.89,0.19242722014410904,6.127685964579082e-05,0.02231343869903224,0.9776865613009676
-1.88,0.19696609641927412,6.545215632095417e-05,0.022753943462804,0.9772460565371959
-1.8699999999999999,0.20156432024245632,6.989540506668433e-05,0.023202938145644083,0.9767970618543558
-1.8599999999999999,0.20622107527639705,7.46226214806359e-05,0.023660578155461215,0.9763394218445388
-1.8499999999999999,0.21093548419067903,7.96506979349215e-05,0.02412702141766921,0.9758729785823308
-1.84,0.2157066080927265,8.499744634520294e-05,0.024602428402739435,0.9753975715972605
-1.83,0.22053344601940258,9.0681642702369e-05,0.025086962153479813,0.9749130378465203
-1.82,0.22541493449131889,9.672307342022654e-05,0.025580788312007684,0.9744192116879924
-1.81,0.23034994713191517,0.00010314258355310401,0.026084075146382935,0.973915924853617
-1.8,0.2353372943533063,0.00010996212693767875,0.026596993576865856,0.973403006423134
-1.79,0.24037572311082384,0.00011720481831368312,0.02711971720176304,0.9728802827982369
-1.78,0.24546391672810905,0.00012489498747836661,0.027652422322823136,0.9723475776771769
-1.77,0.2506004947945351,0.00013305823552978922,0.02819528797014257,0.9718047120298574
-1.76,0.255784013136655,0.0001417214932540295,0.02874849592653997,0.97125150407346
-1.75,0.26101296386528144,0.00015091308171139944,0.02931223075135632,0.9706877692486436
-1.74,0.2662857754997154,0.00016066277507655868,0.029886679803636237,0.9701133201963639
-1.73,0.2716008131705387,0.00017100186578717996,0.030472033264644163,0.9695279667353559
-1.72,0.2769563789022879,0.0001819632320554046,0.03106848415966741,0.9689315158403325
-1.71,0.2823507119772162,0.00019358140779580484,0.0316762283790564,0.9683237716209436
-1.7,0.28778198938123895,0.00020589265502290056,0.032295464698450516,0.9677045353015494
-1.69,0.293248326333048,0.00021893503877046716,0.032926394798136256,0.9670736052018638
-1.68,0.2987477768972508,0.000232748504583898,0.03356922328148252,0.9664307767185175
-1.67,0.30427833468227466,0.0002473749586357655,0.03422415769239588,0.965775842307604
-1.66,0.30983793362364614,0.0002628583505134057,0.03489140853173684,0.9651085914682631
-1.65,0.31542444885312176,0.00027924475872590426,0.03557118927263618,0.9644288107273639
-1.64,0.3210356976540156,0.0002965824789761637,0.03626371637464835,0.9637362836253517
-1.63,0.3266694405029292,0.0003149221152419118,0.03696920929667705,0.9630307907033229
-1.6199999999999999,0.3323233821979501,0.0003343166737074125,0.03768789050860593,0.9623121094913941
-1.6099999999999999,0.3379951730732389,0.00035482165958542123,0.03841998550156539,0.9615800144984347
-1.5999999999999999,0.34368241029978336,0.0003764951768663851,0.03916572279676437,0.9608342772032357
-1.59,0.34938263927194757,0.00039939803102923303,0.03992533395281379,0.9600746660471863
-1.58,0.3550933550792943,0.0004235938347451112,0.040699053571466484,0.9593009464285336
-1.57,0.3608120040630076,0.0004491491166022462,0.041487119301695845,0.9585128806983042
-1.56,0.3665359854560932,0.000476133432876704,0.042289771842033794,0.9577102281579662
-1.55,0.3722626531063744,0.0005046194823700687,0.043107254941086116,0.9568927450589139
-1.54,0.3779893172811549,0.0005346832243311629,0.04393981539614132,0.9560601846038588
-1.53,0.3837132465522581,0.0005664039994746508,0.044787703049786735,0.9552122969502131
-1.52,0.38943166976000315,0.0005998646541048896,0.04565117078444372,0.9543488292155562
-1.51,0.3951417780545223,0.0006351516673485731,0.04653047451473147,0.9534695254852685
-1.5,0.4008407270126694,0.0006723552814946517,0.04742587317756678,0.9525741268224334
-1.49,0.40652563882861903,0.0007115696354345729,0.04833762871990521,0.9516623712800949
-1.48,0.4121936045761036,0.0007528929011902761,0.049266006084026655,0.9507339939159732
-1.47,0.41784168654008663,0.0007964274235112594,0.05021127319026653,0.9497887268097336
-1.46,0.4234669206155221,0.000842279862515852,0.051173700917091655,0.9488262990829084
-1.45,0.42906631877070767,0.0008905613393450475,0.05215356307841774,0.9478464369215823
-1.44,0.43463687157259356,0.00094138758479042,0.05315113639806372,0.9468488636019362
-1.43,0.44017555077127307,0.000994879090850235,0.05416670048123607,0.9458332995187639
-1.42,0.44567931194074273,0.0010511612651603736,0.0552005377829343,0.9447994622170657
-1.41,0.4511450971728896,0.0011103645882385913,0.05625293357316737,0.9437470664268327
-1.4,0.4565698378215344,0.0011726247734724932,0.057324175898868755,0.9426758241011313
-1.39,0.4619504572932368,0.0012380829297728609,0.05841455554239626,0.9415854444576037
-1.38,0.4672838738814486,0.0013068857268051049,0.05952436597650152,0.9404756340234984
-1.3699999999999999,0.4725670036404892,0.0013791855627022158,0.06065390331565215,0.9393460966843479
-1.3599999999999999,0.4777967632957078,0.0014551407341531148,0.0618034662635886,0.9381965337364114
-1.3499999999999999,0.48297007318609414,0.0015349156087501618,0.06297335605699651,0.9370266439430035
-1.3399999999999999,0.4880838602355041,0.0016186807994694773,0.06416387640517396,0.935836123594826
-1.33,0.49313506094857446,0.0017066133411469842,0.06537533342557263,0.9346246665744273
-1.32,0.4981206244273183,0.0017988968688022267,0.06660803557509065,0.9333919644249093
-1.31,0.5030375154043126,0.0018957217976507997,0.0678622935769945,0.9321377064230055
-1.3,0.5078827172883246,0.0019972855046345795,0.06913842034334682,0.9308615796566533
-1.29,0.5126532352181533,0.0021037925112873,0.07043673089281707,0.929563269107183
-1.28,0.5173460991204124,0.00221545466774067,0.07175754226375133,0.9282424577362486
-1.27,0.5219583667669295,0.002332491337664043,0.0731011734223782,0.9268988265776218
-1.26,0.5264871268273962,0.002455129583917824,0.07446794516602807,0.9255320548339719
-1.25,0.5309295019128738,0.0025836043546880972,0.07585818002124355,0.9241418199787566
-1.24,0.5352826516057319,0.0027181586698565344,0.07727220213665989,0.9227277978633401
-1.23,0.5395437754715791,0.0028590438073466547,0.07871033717053523,0.9212896628294649
-1.22,0.5437101160487458,0.003006519489173566,0.08017291217281233,0.9198270878271877
-1.21,0.5477789618108659,0.0031608540669110026,0.08166025546159467,0.9183397445384054
-1.2,0.551747650098128,0.00332232470627514,0.08317269649392238,0.9168273035060777
-1.19,0.5556135700127685,0.00349121757051113,0.08471056573073579,0.9152894342692642
-1.18,0.559374165274421,0.0036678280022536002,0.0862741944959167,0.9137258055040833
-1.17,0.5630269370309559,0.0038524607035188125,0.08786391482930125,0.9121360851706988
-1.16,0.5665694466204975,0.004045429913471107,0.08948005933356144,0.9105199406664386
-1.15,0.5699993182803522,0.004247059583592757,0.09112296101485616,0.9088770389851438
-1.14,0.5733142417986432,0.00445768354987125,0.09279295311715702,0.907207046882843
-1.13,0.5765119751045141,0.004677645701604465,0.09449036895015932,0.9055096310498407
-1.1199999999999999,0.5795903467928409,0.004907300146409164,0.09621554171069287,0.9037844582893072
-1.1099999999999999,0.5825472585794785,0.005147011371005015,0.09796880429755396,0.9020311957024459
-1.0999999999999999,0.5853806876831557,0.005397154397331349,0.09975048911968518,0.9002495108803148
-1.0899999999999999,0.588088689130239,0.005658114933540923,0.10156092789763668,0.8984390721023633
-1.08,0.59066939797869,0.005930289519400554,0.10340045145824957,0.8965995485417504
-1.07,0.5931210314576586,0.006214085665615713,0.10526938952250978,0.8947306104774903
-1.06,0.5954418910192761,0.006509921986582582,0.10716807048652817,0.8928319295134719
-1.05,0.5976303642993456,0.006818228326058473,0.10909682119561293,0.8909031788043871
-1.04,0.5996849269837599,0.007139445875229341,0.11105596671140756,0.8889440332885924
-1.03,0.6016041445776245,0.007474027282640531,0.11304583007207897,0.8869541699279211
-1.02,0.6033866740742112,0.007822436755446121,0.1150667320455498,0.8849332679544502
-1.01,0.6050312655210247,0.008185150151420297,0.11711899087578052,0.8828810091242195
-1.0,0.6065367634804254,0.008562655061164855,0.11920292202211755,0.8807970779778823
-0.9899999999999998,0.6079021083824201,0.008955450879935758,0.12131883789173692,0.8786811621082631
-0.98,0.6091263377674021,0.00936404886850374,0.12346704756522399,0.8765329524347759
-0.9699999999999998,0.6102085874168034,0.009788972202454577,0.1256478565153457,0.8743521434846542
-0.96,0.6111480923697941,0.010230756009327064,0.12786156631908133,0.8721384336809187
-0.9500000000000002,0.6119441878243612,0.010689947392980343,0.1301084743629978,0.8698915256370021
-0.94,0.6125963099212759,0.011167105444575432,0.13238887354206538,0.8676111264579346
-0.9300000000000002,0.6131039964096577,0.011662801239550913,0.13470305195202806,0.865296948047972
-0.9199999999999999,0.6134668871930348,0.012177617819969181,0.13705129257545967,0.8629487074245404
-0.9100000000000001,0.6136847247549978,0.012712150161605039,0.13943387296165005,0.86056612703835
-0.8999999999999999,0.6137573544637426,0.01326700512514818,0.14185106490048782,0.8581489350995123
-0.8900000000000001,0.6136847247549979,0.013842801390888353,0.1443031340905187,0.8556968659094814
-0.8799999999999999,0.6134668871930348,0.014440169376253772,0.14679033980138242,0.8532096601986177
-0.8700000000000001,0.6131039964096577,0.015059751135573254,0.1493129345308437,0.8506870654691563
-0.8599999999999999,0.6125963099212759,0.01570220024143703,0.1518711636566593,0.8481288363433407
-0.8500000000000001,0.6119441878243612,0.016368181647033155,0.15446526508353467,0.8455347349164652
-0.8399999999999999,0.6111480923697941,0.017058371528844124,0.15709546888545275,0.8429045311145472
-0.8300000000000001,0.6102085874168034,0.017773457109092942,0.15976199694366905,0.8402380030563309
-0.8199999999999998,0.6091263377674021,0.01851413645733825,0.16246506258069612,0.8375349374193038
-0.81,0.60790210838242,0.019281118270625914,0.1652048701906146,0.8347951298093854
-0.7999999999999998,0.6065367634804254,0.020075121631618172,0.16798161486607557,0.8320183851339245
-0.79,0.6050312655210247,0.02089687574413174,0.17079548202237446,0.8292045179776256
-0.7799999999999998,0.6033866740742112,0.021747119645533802,0.1736466470190051,0.826353352980995
-0.77,0.6016041445776245,0.022626601895458336,0.1765352747791167,0.8234647252208833
-0.7599999999999998,0.5996849269837599,0.0235360802403258,0.17946151940732688,0.8205384805926731
-0.75,0.5976303642993456,0.024476321253166185,0.18242552380635635,0.8175744761936437
-0.7399999999999998,0.595441891019276,0.02544809994827034,0.18542741929298234,0.8145725807070177
-0.73,0.5931210314576586,0.02645219937021382,0.18846732521381943,0.8115326747861805
-0.7199999999999998,0.59066939797869,0.02748941015682662,0.19154534856146757,0.8084546514385325
-0.71,0.5880886891302389,0.028560530075705744,0.19466158359157792,0.8053384164084221
-0.6999999999999997,0.5853806876831555,0.029666363533898604,0.19781611144141834,0.8021838885585817
-0.69,0.5825472585794784,0.030807721060414496,0.20100899975052938,0.7989910002494707
-0.6800000000000002,0.5795903467928409,0.0319854187612553,0.20424030228409173,0.7957596977159083
-0.6699999999999999,0.576511975104514,0.033200277746688996,0.20751005855963564,0.7924899414403643
-0.6600000000000001,0.5733142417986432,0.034453123530527534,0.21081829347774705,0.789181706522253
-0.6499999999999999,0.5699993182803521,0.03574478540120852,0.21416501695744142,0.7858349830425586
-0.6400000000000001,0.5665694466204975,0.03707609576451828,0.21755022357688744,0.7824497764231124
-0.6299999999999999,0.5630269370309559,0.03844788945783892,0.22097389222018785,0.7790261077798122
-0.6200000000000001,0.559374165274421,0.03986100303584118,0.22443598573092652,0.7755640142690736
-0.6099999999999999,0.5556135700127685,0.04131627402759552,0.22793645057321632,0.7720635494267837
-0.6000000000000001,0.551747650098128,0.042814540165115225,0.23147521650098232,0.7685247834990178
-0.5899999999999999,0.5477789618108659,0.044356638583399555,0.23505219623623536,0.7649478037637647
-0.5800000000000001,0.5437101160487458,0.045943404992090854,0.23866728515708957,0.7613327148429104
-0.5699999999999998,0.5395437754715791,0.047575672818915414,0.24232036099629517,0.7576796390037048
-0.56,0.5352826516057319,0.049254272325127677,0.2460112835510519,0.7539887164489482
-0.5499999999999998,0.5309295019128738,0.050980029693237124,0.24973989440488245,0.7502601055951175
-0.54,0.5264871268273962,0.05275376608734858,0.2535060166623378,0.7464939833376621
-0.5299999999999998,0.5219583667669294,0.05457629668650997,0.2573094546973143,0.7426905453026857
-0.52,0.5173460991204124,0.056448429691515485,0.261149993915751,0.7388500060842489
-0.5099999999999998,0.5126532352181532,0.05837096530567796,0.2650274005334813,0.7349725994665188
-0.5,0.5078827172883246,0.060344694690140185,0.2689414213699951,0.7310585786300049
-0.48999999999999977,0.5030375154043124,0.062370398894363806,0.27289178365887057,0.7271082163411294
-0.48,0.4981206244273183,0.06444884776249069,0.27687819487561016,0.7231218051243898
-0.46999999999999975,0.4931350609485744,0.06658079881634374,0.28090034258361624,0.7190996574163838
-0.45999999999999996,0.488083860235504,0.06876699611589263,0.28495789429901025,0.7150421057009897
-0.44999999999999973,0.4829700731860939,0.07100816909807922,0.2890504973749961,0.7109495026250039
-0.43999999999999995,0.4777967632957077,0.07330503139496274,0.29317777890643243,0.7068222210935675
-0.43000000000000016,0.4725670036404892,0.07565827963221125,0.2973393456552684,0.7026606543447316
-0.41999999999999993,0.4672838738814485,0.0780685922090314,0.30153478399746125,0.6984652160025387
-0.41000000000000014,0.4619504572932368,0.08053662806069727,0.3057636598919694,0.6942363401080306
-0.3999999999999999,0.45656983782153426,0.08306302540490478,0.31002551887238755,0.6899744811276125
-0.3900000000000001,0.4511450971728896,0.08564840047324293,0.3143198860617461,0.6856801139382539
-0.3799999999999999,0.4456793119407426,0.08829334622914374,0.3186462662109745,0.6813537337890255
-0.3700000000000001,0.44017555077127307,0.09099843107373122,0.32300414376147696,0.6769958562385231
-0.3599999999999999,0.43463687157259345,0.09376419754106322,0.3273929829322396,0.6726070170677604
-0.3500000000000001,0.42906631877070767,0.0965911609843151,0.33181222783183384,0.6681877721681662
-0.33999999999999986,0.42346692061552205,0.09947980825452553,0.3362613025956474,0.6637386974043525
-0.33000000000000007,0.41784168654008663,0.10243059637357892,0.34073961154861454,0.6592603884513855
-0.31999999999999984,0.41219360457610354,0.10544395120316608,0.34524653939368083,0.6547534606063191
-0.31000000000000005,0.40652563882861903,0.10852026611151809,0.34978145142617295,0.6502185485738271
-0.2999999999999998,0.40084072701266926,0.11165990063977126,0.35434369377420466,0.6456563062257954
-0.29000000000000004,0.3951417780545223,0.11486317916986932,0.35893259366518293,0.6410674063348171
-0.2799999999999998,0.3894316697600031,0.11813038959597148,0.3635474597184338,0.6364525402815662
-0.27,0.3837132465522581,0.12146178200137565,0.3681875822638983,0.6318124177361016
-0.2599999999999998,0.3779893172811548,0.12485756734302582,0.37285223368680454,0.6271477663131955
-0.25,0.3722626531063744,0.12831791614570817,0.3775406687981454,0.6224593312018546
-0.23999999999999977,0.366535985456093,0.13184295720809402,0.38225212523075114,0.6177478747692489
-0.22999999999999998,0.3608120040630076,0.13543277632281875,0.38698582386066455,0.6130141761393355
-0.21999999999999975,0.35509335507929424,0.13908741501283203,0.3917409692534857,0.6082590307465143
-0.20999999999999996,0.34938263927194757,0.1428068692862813,0.3965167501352737,0.6034832498647262
-0.19999999999999973,0.34368241029978314,0.14659108841222845,0.40131233988754816,0.5986876601124519
-0.18999999999999995,0.33799517307323873,0.15043997371951884,0.4061268970658573,0.5938731029341427
-0.18000000000000016,0.3323233821979501,0.1543533774211552,0.4109595659413348,0.5890404340586652
-0.16999999999999993,0.3266694405029291,0.15833110146653792,0.4158094770645927,0.5841905229354073
-0.16000000000000014,0.3210356976540156,0.1623728964239573,0.4206757478512505,0.5793242521487495
-0.1499999999999999,0.3154244488531216,0.16647846039573225,0.4255574831883411,0.5744425168116589
-0.14000000000000012,0.30983793362364614,0.17064743796839313,0.43045377606077095,0.569546223939229
-0.1299999999999999,0.3042783346822745,0.1748794192003176,0.4353637081969709,0.5646362918030291
-0.1200000000000001,0.2987477768972508,0.17917393864921594,0.440286350732807,0.5597136492671929
-0.10999999999999988,0.2932483263330479,0.18353047444186818,0.44522076489278534,0.5547792351072146
-0.10000000000000009,0.28778198938123895,0.1879484473884909,0.45016600268752205,0.549833997312478
-0.08999999999999986,0.28235071197721595,0.19242722014410904,0.45512110762641994,0.54487889237358
-0.08000000000000007,0.2769563789022879,0.19696609641927404,0.46008511544443426,0.5399148845555657
-0.06999999999999984,0.2716008131705386,0.20156432024245632,0.4650570548417856,0.5349429451582144
-0.06000000000000005,0.2662857754997154,0.2062210752763969,0.4700359482354282,0.5299640517645717
-0.04999999999999982,0.2610129638652814,0.21093548419067903,0.4750208125210601,0.5249791874789399
-0.040000000000000036,0.255784013136655,0.2157066080927265,0.48001065984441826,0.5199893401555818
-0.029999999999999805,0.25060049479453494,0.22053344601940275,0.48500449838059,0.51499550161941
-0.020000000000000018,0.24546391672810905,0.22541493449131889,0.4900013331200346,0.5099986668799655
-0.009999999999999787,0.24037572311082375,0.23034994713191528,0.4950001666600004,0.5049998333399996
0.0,0.2353372943533063,0.2353372943533063,0.5,0.5
0.010000000000000231,0.23034994713191503,0.240375723110824,0.5049998333399999,0.4950001666600002
0.020000000000000018,0.22541493449131889,0.24546391672810905,0.5099986668799655,0.4900013331200346
0.03000000000000025,0.22053344601940253,0.2506004947945352,0.5149955016194102,0.48500449838058984
0.040000000000000036,0.2157066080927265,0.255784013136655,0.5199893401555818,0.48001065984441826
0.050000000000000266,0.21093548419067884,0.2610129638652816,0.5249791874789401,0.4750208125210599
0.06000000000000005,0.2062210752763969,0.2662857754997154,0.5299640517645717,0.4700359482354282
0.07000000000000028,0.2015643202424561,0.2716008131705388,0.5349429451582146,0.4650570548417854
0.08000000000000007,0.19696609641927404,0.2769563789022879,0.5399148845555657,0.46008511544443426
0.08999999999999986,0.19242722014410904,0.28235071197721595,0.54487889237358,0.45512110762641994
0.10000000000000009,0.1879484473884909,0.28778198938123895,0.549833997312478,0.45016600268752205
0.10999999999999988,0.18353047444186818,0.2932483263330479,0.5547792351072146,0.44522076489278534
0.1200000000000001,0.17917393864921594,0.2987477768972508,0.5597136492671929,0.440286350732807
0.1299999999999999,0.1748794192003176,0.3042783346822745,0.5646362918030291,0.4353637081969709
0.14000000000000012,0.17064743796839313,0.30983793362364614,0.569546223939229,0.43045377606077095
0.1499999999999999,0.16647846039573225,0.3154244488531216,0.5744425168116589,0.4255574831883411
0.16000000000000014,0.1623728964239573,0.3210356976540156,0.5793242521487495,0.4206757478512505
0.16999999999999993,0.15833110146653792,0.3266694405029291,0.5841905229354073,0.4158094770645927
0.18000000000000016,0.1543533774211552,0.3323233821979501,0.5890404340586652,0.4109595659413348
0.18999999999999995,0.15043997371951884,0.33799517307323873,0.5938731029341427,0.4061268970658573
0.20000000000000018,0.1465910884122283,0.34368241029978336,0.5986876601124521,0.40131233988754794
0.20999999999999996,0.1428068692862813,0.34938263927194757,0.6034832498647262,0.3965167501352737
0.2200000000000002,0.1390874150128319,0.3550933550792945,0.6082590307465146,0.39174096925348545
0.22999999999999998,0.13543277632281875,0.3608120040630076,0.6130141761393355,0.38698582386066455
0.2400000000000002,0.13184295720809389,0.3665359854560933,0.6177478747692491,0.38225212523075086
0.25,0.12831791614570817,0.3722626531063744,0.6224593312018546,0.3775406687981454
0.26000000000000023,0.1248575673430257,0.37798931728115504,0.6271477663131957,0.3728522336868043
0.27,0.12146178200137565,0.3837132465522581,0.6318124177361016,0.3681875822638983
0.28000000000000025,0.11813038959597134,0.38943166976000326,0.6364525402815664,0.3635474597184335
0.29000000000000004,0.11486317916986932,0.3951417780545223,0.6410674063348171,0.35893259366518293
0.30000000000000027,0.11165990063977112,0.4008407270126695,0.6456563062257956,0.35434369377420444
0.31000000000000005,0.10852026611151809,0.40652563882861903,0.6502185485738271,0.34978145142617295
0.3200000000000003,0.10544395120316592,0.41219360457610377,0.6547534606063193,0.34524653939368066
0.33000000000000007,0.10243059637357892,0.41784168654008663,0.6592603884513855,0.34073961154861454
0.33999999999999986,0.09947980825452553,0.42346692061552205,0.6637386974043525,0.3362613025956474
0.3500000000000001,0.0965911609843151,0.42906631877070767,0.6681877721681662,0.33181222783183384
0.3599999999999999,0.09376419754106322,0.43463687157259345,0.6726070170677604,0.3273929829322396
0.3700000000000001,0.09099843107373122,0.44017555077127307,0.6769958562385231,0.32300414376147696
0.3799999999999999,0.08829334622914374,0.4456793119407426,0.6813537337890255,0.3186462662109745
0.3900000000000001,0.08564840047324293,0.4511450971728896,0.6856801139382539,0.3143198860617461
0.3999999999999999,0.08306302540490478,0.45656983782153426,0.6899744811276125,0.31002551887238755
0.41000000000000014,0.08053662806069727,0.4619504572932368,0.6942363401080306,0.3057636598919694
0.41999999999999993,0.0780685922090314,0.4672838738814485,0.6984652160025387,0.30153478399746125
0.43000000000000016,0.07565827963221125,0.4725670036404892,0.7026606543447316,0.2973393456552684
0.43999999999999995,0.07330503139496274,0.4777967632957077,0.7068222210935675,0.29317777890643243
0.4500000000000002,0.07100816909807908,0.48297007318609414,0.710949502625004,0.28905049737499594
0.45999999999999996,0.06876699611589263,0.488083860235504,0.7150421057009897,0.28495789429901025
0.4700000000000002,0.06658079881634368,0.49313506094857457,0.719099657416384,0.280900342583616
0.48,0.06444884776249069,0.4981206244273183,0.7231218051243898,0.27687819487561016
0.4900000000000002,0.06237039889436375,0.5030375154043127,0.7271082163411295,0.2728917836588704
0.5,0.060344694690140185,0.5078827172883246,0.7310585786300049,0.2689414213699951
0.5100000000000002,0.05837096530567782,0.5126532352181534,0.7349725994665189,0.2650274005334811
0.52,0.056448429691515485,0.5173460991204124,0.7388500060842489,0.261149993915751
0.5300000000000002,0.05457629668650988,0.5219583667669296,0.7426905453026859,0.25730945469731414
0.54,0.05275376608734858,0.5264871268273962,0.7464939833376621,0.2535060166623378
0.5500000000000003,0.050980029693237075,0.530929501912874,0.7502601055951177,0.24973989440488228
0.56,0.049254272325127677,0.5352826516057319,0.7539887164489482,0.2460112835510519
0.5700000000000003,0.04757567281891534,0.5395437754715793,0.7576796390037049,0.24232036099629506
0.5800000000000001,0.045943404992090854,0.5437101160487458,0.7613327148429104,0.23866728515708957
0.5899999999999999,0.044356638583399555,0.5477789618108659,0.7649478037637647,0.23505219623623536
0.6000000000000001,0.042814540165115225,0.551747650098128,0.7685247834990178,0.23147521650098232
0.6099999999999999,0.04131627402759552,0.5556135700127685,0.7720635494267837,0.22793645057321632
0.6200000000000001,0.03986100303584118,0.559374165274421,0.7755640142690736,0.22443598573092652
0.6299999999999999,0.03844788945783892,0.5630269370309559,0.7790261077798122,0.22097389222018785
0.6400000000000001,0.03707609576451828,0.5665694466204975,0.7824497764231124,0.21755022357688744
0.6499999999999999,0.03574478540120852,0.5699993182803521,0.7858349830425586,0.21416501695744142
0.6600000000000001,0.034453123530527534,0.5733142417986432,0.789181706522253,0.21081829347774705
0.6699999999999999,0.033200277746688996,0.576511975104514,0.7924899414403643,0.20751005855963564
0.6800000000000002,0.0319854187612553,0.5795903467928409,0.7957596977159083,0.20424030228409173
0.69,0.030807721060414496,0.5825472585794784,0.7989910002494707,0.20100899975052938
0.7000000000000002,0.029666363533898534,0.5853806876831557,0.8021838885585818,0.1978161114414182
0.71,0.028560530075705744,0.5880886891302389,0.8053384164084221,0.19466158359157792
0.7200000000000002,0.027489410156826582,0.59066939797869,0.8084546514385326,0.19154534856146743
0.73,0.02645219937021382,0.5931210314576586,0.8115326747861805,0.18846732521381943
0.7400000000000002,0.025448099948270308,0.5954418910192761,0.8145725807070178,0.18542741929298218
0.75,0.024476321253166185,0.5976303642993456,0.8175744761936437,0.18242552380635635
0.7600000000000002,0.023536080240325732,0.5996849269837599,0.8205384805926733,0.17946151940732674
0.77,0.022626601895458336,0.6016041445776245,0.8234647252208833,0.1765352747791167
0.7800000000000002,0.02174711964553374,0.6033866740742112,0.826353352980995,0.17364664701900495
0.79,0.02089687574413174,0.6050312655210247,0.8292045179776256,0.17079548202237446
0.8000000000000003,0.020075121631618145,0.6065367634804255,0.8320183851339246,0.16798161486607543
0.81,0.019281118270625914,0.60790210838242,0.8347951298093854,0.1652048701906146
0.8200000000000003,0.0185141364573382,0.6091263377674022,0.8375349374193041,0.162465062580696
0.8300000000000001,0.017773457109092942,0.6102085874168034,0.8402380030563309,0.15976199694366905
0.8399999999999999,0.017058371528844124,0.6111480923697941,0.8429045311145472,0.15709546888545275
0.8500000000000001,0.016368181647033155,0.6119441878243612,0.8455347349164652,0.15446526508353467
0.8599999999999999,0.01570220024143703,0.6125963099212759,0.8481288363433407,0.1518711636566593
0.8700000000000001,0.015059751135573254,0.6131039964096577,0.8506870654691563,0.1493129345308437
0.8799999999999999,0.014440169376253772,0.6134668871930348,0.8532096601986177,0.14679033980138242
0.8900000000000001,0.013842801390888353,0.6136847247549979,0.8556968659094814,0.1443031340905187
0.8999999999999999,0.01326700512514818,0.6137573544637426,0.8581489350995123,0.14185106490048782
0.9100000000000001,0.012712150161605039,0.6136847247549978,0.86056612703835,0.13943387296165005
0.9199999999999999,0.012177617819969181,0.6134668871930348,0.8629487074245404,0.13705129257545967
0.9300000000000002,0.011662801239550913,0.6131039964096577,0.865296948047972,0.13470305195202806
0.94,0.011167105444575432,0.6125963099212759,0.8676111264579346,0.13238887354206538
0.9500000000000002,0.010689947392980343,0.6119441878243612,0.8698915256370021,0.1301084743629978
0.96,0.010230756009327064,0.6111480923697941,0.8721384336809187,0.12786156631908133
0.9700000000000002,0.00978897220245456,0.6102085874168034,0.8743521434846544,0.12564785651534563
0.98,0.00936404886850374,0.6091263377674021,0.8765329524347759,0.12346704756522399
0.9900000000000002,0.00895545087993574,0.60790210838242,0.8786811621082632,0.12131883789173681
1.0,0.008562655061164855,0.6065367634804254,0.8807970779778823,0.11920292202211755
1.0099999999999998,0.008185150151420318,0.6050312655210248,0.8828810091242195,0.11711899087578057
1.0200000000000005,0.007822436755446102,0.6033866740742111,0.8849332679544504,0.11506673204554971
1.0300000000000002,0.007474027282640531,0.6016041445776245,0.8869541699279211,0.11304583007207893
1.04,0.007139445875229341,0.5996849269837599,0.8889440332885924,0.11105596671140756
1.0499999999999998,0.006818228326058479,0.5976303642993457,0.8909031788043871,0.10909682119561298
1.0600000000000005,0.006509921986582577,0.595441891019276,0.8928319295134719,0.10716807048652809
1.0700000000000003,0.006214085665615713,0.5931210314576585,0.8947306104774903,0.10526938952250973
1.08,0.005930289519400554,0.59066939797869,0.8965995485417504,0.10340045145824957
1.0899999999999999,0.005658114933540923,0.588088689130239,0.8984390721023633,0.10156092789763668
1.0999999999999996,0.005397154397331358,0.5853806876831558,0.9002495108803148,0.0997504891196852
1.1100000000000003,0.005147011371005005,0.5825472585794784,0.9020311957024462,0.09796880429755388
1.12,0.004907300146409164,0.5795903467928409,0.9037844582893072,0.09621554171069283
1.13,0.004677645701604465,0.5765119751045141,0.9055096310498407,0.09449036895015932
1.1399999999999997,0.004457683549871266,0.5733142417986433,0.9072070468828429,0.09279295311715706
1.1500000000000004,0.004247059583592745,0.5699993182803521,0.9088770389851439,0.09112296101485608
1.1600000000000001,0.004045429913471107,0.5665694466204974,0.9105199406664386,0.0894800593335614
1.17,0.0038524607035188125,0.5630269370309559,0.9121360851706988,0.08786391482930125
1.1799999999999997,0.0036678280022536132,0.5593741652744211,0.9137258055040833,0.08627419449591674
1.1900000000000004,0.003491217570511121,0.5556135700127683,0.9152894342692642,0.08471056573073572
1.2000000000000002,0.00332232470627514,0.5517476500981279,0.9168273035060777,0.08317269649392235
1.21,0.0031608540669110026,0.5477789618108659,0.9183397445384054,0.08166025546159467
1.2199999999999998,0.0030065194891735715,0.5437101160487459,0.9198270878271877,0.08017291217281236
1.2300000000000004,0.0028590438073466495,0.539543775471579,0.9212896628294649,0.07871033717053516
1.2400000000000002,0.0027181586698565344,0.5352826516057317,0.9227277978633401,0.07727220213665985
1.25,0.0025836043546880972,0.5309295019128738,0.9241418199787566,0.07585818002124355
1.2599999999999998,0.0024551295839178302,0.5264871268273963,0.9255320548339719,0.0744679451660281
1.2700000000000005,0.002332491337664037,0.5219583667669293,0.9268988265776218,0.07310117342237814
1.2800000000000002,0.00221545466774067,0.5173460991204124,0.9282424577362486,0.0717575422637513
1.29,0.0021037925112873,0.5126532352181533,0.929563269107183,0.07043673089281707
1.2999999999999998,0.001997285504634583,0.5078827172883246,0.9308615796566531,0.06913842034334684
1.3100000000000005,0.0018957217976507963,0.5030375154043123,0.9321377064230055,0.06786229357699444
1.3200000000000003,0.0017988968688022267,0.49812062442731814,0.9333919644249093,0.06660803557509062
1.33,0.0017066133411469842,0.49313506094857446,0.9346246665744273,0.06537533342557263
1.3399999999999999,0.0016186807994694773,0.4880838602355041,0.935836123594826,0.06416387640517396
1.3500000000000005,0.0015349156087501564,0.4829700731860938,0.9370266439430035,0.06297335605699643
1.3600000000000003,0.0014551407341531124,0.4777967632957075,0.9381965337364114,0.06180346626358854
1.37,0.0013791855627022158,0.47256700364048915,0.9393460966843479,0.060653903315652125
1.38,0.0013068857268051049,0.4672838738814486,0.9404756340234984,0.05952436597650152
1.3899999999999997,0.0012380829297728652,0.4619504572932369,0.9415854444576037,0.05841455554239628
1.4000000000000004,0.0011726247734724891,0.4565698378215342,0.9426758241011313,0.05732417589886871
1.4100000000000001,0.0011103645882385913,0.4511450971728894,0.9437470664268327,0.05625293357316735
1.42,0.0010511612651603736,0.44567931194074273,0.9447994622170657,0.0552005377829343
1.4299999999999997,0.0009948790908502383,0.44017555077127324,0.9458332995187639,0.054166700481236105
1.4400000000000004,0.0009413875847904166,0.4346368715725934,0.9468488636019362,0.05315113639806369
1.4500000000000002,0.0008905613393450475,0.4290663187707076,0.9478464369215823,0.05215356307841772
1.46,0.000842279862515852,0.4234669206155221,0.9488262990829084,0.051173700917091655
1.4699999999999998,0.0007964274235112607,0.41784168654008674,0.9497887268097334,0.05021127319026655
1.4800000000000004,0.0007528929011902745,0.41219360457610343,0.9507339939159735,0.049266006084026606
1.4900000000000002,0.0007115696354345729,0.40652563882861886,0.9516623712800949,0.04833762871990519
1.5,0.0006723552814946517,0.4008407270126694,0.9525741268224334,0.04742587317756678
1.5099999999999998,0.0006351516673485749,0.3951417780545224,0.9534695254852685,0.046530474514731496
1.5200000000000005,0.000599864654104888,0.38943166976000293,0.9543488292155564,0.04565117078444368
1.5300000000000002,0.0005664039994746508,0.3837132465522579,0.9552122969502134,0.044787703049786715
1.54,0.0005346832243311629,0.3779893172811549,0.9560601846038588,0.04393981539614132
1.5499999999999998,0.0005046194823700695,0.3722626531063745,0.9568927450589139,0.04310725494108614
1.5600000000000005,0.00047613343287670313,0.36653598545609295,0.9577102281579662,0.04228977184203375
1.5700000000000003,0.0004491491166022462,0.36081200406300756,0.9585128806983042,0.04148711930169583
1.58,0.0004235938347451112,0.3550933550792943,0.9593009464285336,0.040699053571466484
1.5899999999999999,0.0003993980310292337,0.3493826392719477,0.960074666047186,0.0399253339528138
1.6000000000000005,0.0003764951768663838,0.34368241029978297,0.9608342772032357,0.03916572279676432
1.6100000000000003,0.0003548216595854205,0.3379951730732386,0.9615800144984347,0.03841998550156536
1.62,0.0003343166737074125,0.33232338219795,0.9623121094913941,0.037687890508605916
1.63,0.0003149221152419118,0.3266694405029292,0.9630307907033229,0.03696920929667705
1.6399999999999997,0.0002965824789761642,0.3210356976540157,0.9637362836253517,0.03626371637464836
1.6500000000000004,0.0002792447587259033,0.3154244488531215,0.9644288107273639,0.035571189272636146
1.6600000000000001,0.0002628583505134057,0.3098379336236461,0.9651085914682631,0.03489140853173683
1.67,0.0002473749586357655,0.30427833468227466,0.965775842307604,0.03422415769239588
1.6799999999999997,0.00023274850458389882,0.29874777689725085,0.9664307767185175,0.03356922328148254
1.6900000000000004,0.0002189350387704664,0.29324832633304776,0.9670736052018638,0.03292639479813622
1.7000000000000002,0.00020589265502290056,0.2877819893812388,0.9677045353015495,0.032295464698450495
1.71,0.00019358140779580484,0.2823507119772162,0.9683237716209436,0.0316762283790564
1.7199999999999998,0.00018196323205540554,0.2769563789022881,0.9689315158403325,0.031068484159667425
1.7300000000000004,0.00017100186578717936,0.2716008131705384,0.9695279667353559,0.030472033264644136
1.7400000000000002,0.00016066277507655868,0.2662857754997152,0.9701133201963639,0.029886679803636223
1.75,0.00015091308171139944,0.26101296386528144,0.9706877692486436,0.02931223075135632
1.7599999999999998,0.0001417214932540295,0.25578401313665516,0.97125150407346,0.028748495926539986
1.7700000000000005,0.00013305823552978876,0.25060049479453494,0.9718047120298574,0.02819528797014255
1.7800000000000002,0.00012489498747836661,0.2454639167281089,0.9723475776771769,0.027652422322823122
1.79,0.00011720481831368312,0.24037572311082384,0.9728802827982369,0.02711971720176304
1.7999999999999998,0.00010996212693767916,0.23533729435330636,0.973403006423134,0.026596993576865863
1.8100000000000005,0.00010314258355310365,0.23034994713191498,0.973915924853617,0.02608407514638291
1.8200000000000003,9.672307342022654e-05,0.2254149344913188,0.9744192116879924,0.025580788312007677
1.83,9.0681642702369e-05,0.22053344601940258,0.9749130378465203,0.025086962153479813
1.8399999999999999,8.499744634520324e-05,0.21570660809272657,0.9753975715972605,0.024602428402739445
1.8500000000000005,7.965069793492121e-05,0.2109354841906787,0.9758729785823308,0.024127021417669176
1.8600000000000003,7.46226214806355e-05,0.20622107527639688,0.9763394218445388,0.023660578155461194
1.87,6.989540506668433e-05,0.20156432024245624,0.9767970618543558,0.023202938145644076
1.88,6.545215632095417e-05,0.19696609641927412,0.9772460565371959,0.022753943462804
1.8899999999999997,6.127685964579114e-05,0.1924272201441091,0.9776865613009676,0.02231343869903225
1.9000000000000004,5.735433515863532e-05,0.18794844738849076,0.9781187290638694,0.02188127093613046
1.9100000000000001,5.367019929013257e-05,0.18353047444186799,0.9785427102823965,0.021457289717603516
1.92,5.0210826988125714e-05,0.17917393864921594,0.9789586529795317,0.021041347020468282
1.9299999999999997,4.696331547668022e-05,0.1748794192003176,0.9793667027730938,0.02063329722690621
1.9400000000000004,4.3915449520040354e-05,0.17064743796839296,0.9797670029042146,0.020232997095785386
1.9500000000000002,4.105566814223917e-05,0.1664784603957321,0.9801596942659225,0.019840305734077503
1.96,3.8373032753928645e-05,0.1623728964239573,0.9805449154318069,0.019455084568193035
1.9699999999999998,3.585719663888198e-05,0.15833110146653792,0.9809228026847419,0.019077197315258167
1.9800000000000004,3.349837575353136e-05,0.15435337742115504,0.9812934900456455,0.018706509954354588
1.9900000000000002,3.1287320793843035e-05,0.15043997371951867,0.9816571093022567,0.018342890697743277
2.0,2.921529048479162e-05,0.1465910884122283,0.9820137900379085,0.01798620996209156
2.01,2.7274026048679476e-05,0.1428068692862813,0.9823636596602773,0.017636340339722684
2.0200000000000005,2.5455726809537132e-05,0.1390874150128317,0.9827068434300946,0.01729315656990541
2.0300000000000002,2.3753026891853e-05,0.13543277632281858,0.9830434644897993,0.016956535510200765
2.04,2.2158972972894365e-05,0.13184295720809389,0.9833736438921183,0.016626356107881622
2.05,2.0667003048910795e-05,0.12831791614570817,0.9836975006285591,0.016302499371440946
2.0600000000000005,1.927092617653569e-05,0.12485756734302551,0.9840151516577974,0.015984848342202568
2.0700000000000003,1.7964903151735988e-05,0.12146178200137553,0.9843267119339514,0.015673288066048556
2.08,1.6743428089686545e-05,0.11813038959597134,0.9846322944347244,0.01536770556527555
2.09,1.560131086997963e-05,0.11486317916986932,0.9849320101894071,0.01506798981059282
2.1000000000000005,1.453366041259698e-05,0.11165990063977094,0.9852259683067269,0.014774031693273043
2.1100000000000003,1.3535868751095285e-05,0.10852026611151797,0.9855142760025332,0.014485723997466879
2.12,1.260359587046109e-05,0.10544395120316592,0.9857970386273088,0.014202961372691125
2.13,1.1732755278094932e-05,0.10243059637357892,0.9860743596934995,0.013925640306500396
2.1399999999999997,1.0919500277372317e-05,0.09947980825452553,0.986346340902649,0.013653659097350898
2.1500000000000004,1.0160210914205752e-05,0.09659116098431492,0.9866130821723351,0.013386917827664768
2.16,9.451481567998596e-06,0.09376419754106309,0.9868746816628972,0.0131253183371028
2.17,8.790109159328719e-06,0.09099843107373122,0.9871312358039476,0.012868764196052507
2.1799999999999997,8.173081947636264e-06,0.08829334622914374,0.9873828393206613,0.012617160679338702
2.1900000000000004,7.597568893107548e-06,0.0856484004732428,0.9876295852598377,0.012370414740162415
2.2,7.060909557847822e-06,0.08306302540490462,0.9878715650157257,0.012128434984274237
2.21,6.560604522320471e-06,0.08053662806069727,0.988108868355613,0.011891131644386993
2.2199999999999998,6.0943062938955325e-06,0.0780685922090314,0.988341583445167,0.011658416554833108
2.2300000000000004,5.65981068519692e-06,0.07565827963221113,0.9885697968735292,0.011430203126470714
2.24,5.255048640766648e-06,0.07330503139496268,0.9887935936781571,0.011206406321842867
2.25,4.878078491370826e-06,0.07100816909807908,0.9890130573694068,0.01098694263059318
2.26,4.5270786160637475e-06,0.06876699611589263,0.9892282699548585,0.010771730045141625
2.2700000000000005,4.20034049289237e-06,0.06658079881634356,0.9894393119633768,0.010560688036623111
2.2800000000000002,3.896262119873854e-06,0.06444884776249055,0.9896462624689083,0.010353737531091742
2.29,3.6133417886066176e-06,0.06237039889436375,0.9898491991140074,0.01015080088599272
2.3,3.350172193583837e-06,0.060344694690140185,0.9900481981330957,0.009951801866904324
2.3100000000000005,3.1054348609663157e-06,0.05837096530567777,0.9902433343754488,0.009756665624551348
2.3200000000000003,2.8778948812392703e-06,0.05644842969151537,0.9904346813279084,0.009565318672091665
2.33,2.666395930825397e-06,0.05457629668650988,0.9906223111373232,0.009377688862676856
2.34,2.469855568354702e-06,0.05275376608734858,0.990806294632712,0.009193705367288094
2.3500000000000005,2.2872607918989072e-06,0.050980029693236964,0.990986701347152,0.009013298652847815
2.3600000000000003,2.1176638440675502e-06,0.049254272325127635,0.9911635995393923,0.008836400460607715
2.37,1.960178252430627e-06,0.04757567281891534,0.9913370562151869,0.008662943784813162
2.38,1.8139750932843158e-06,0.045943404992090854,0.9915071371483557,0.008492862851644353
2.3899999999999997,1.678279467305782e-06,0.044356638583399555,0.9916739069015661,0.00832609309843379
2.4000000000000004,1.5523671761567556e-06,0.04281454016511513,0.9918374288468401,0.00816257115315989
2.41,1.4355615895897685e-06,0.04131627402759549,0.9919977651857838,0.00800223481421624
2.42,1.3272306930870397e-06,0.03986100303584118,0.9921549769695442,0.007845023030455634
2.4299999999999997,1.2267843065220015e-06,0.03844788945783892,0.9923091241184917,0.0076908758815083375
2.4400000000000004,1.1336714647745668e-06,0.03707609576451825,0.9924602654416266,0.007539734558373387
2.45,1.0473779516570444e-06,0.03574478540120844,0.9926084586557181,0.007391541344281971
2.46,9.67423978916171e-07,0.034453123530527534,0.9927537604041685,0.007246239595831429
2.4699999999999998,8.933620024699292e-07,0.033200277746688996,0.9928962262756111,0.0071037737243887815
2.4800000000000004,8.247746684150175e-07,0.031985418761255276,0.9930359108222379,0.006964089177762083
2.49,7.612728817031645e-07,0.030807721060414472,0.9931728675778617,0.00682713242213816
2.5,7.024939907319735e-07,0.029666363533898534,0.9933071490757153,0.0066928509242848554
2.51,6.481000814293185e-07,0.028560530075705744,0.9934388068659837,0.0065611931340162286
2.5200000000000005,5.977763747294168e-07,0.027489410156826523,0.9935678915330812,0.006432108466918629
2.5300000000000002,5.512297216447937e-07,0.02645219937021376,0.9936944527126641,0.006305547287335858
2.54,5.081871904308443e-07,0.025448099948270308,0.9938185391083889,0.006181460891611144
2.55,4.6839474062007414e-07,0.024476321253166185,0.9939401985084158,0.0060598014915841155
2.5600000000000005,4.3161597897077193e-07,0.02353608024032571,0.9940594778016597,0.005940522198340365
2.5700000000000003,3.9763099263098215e-07,0.022626601895458287,0.9941764229937885,0.005823577006211514
2.58,3.662352550631344e-07,0.02174711964553374,0.9942910792229765,0.0057089207770233425
2.59,3.372386005083331e-07,0.02089687574413174,0.9944034907754101,0.005596509224589802
2.6000000000000005,3.1046426299202253e-07,0.020075121631618103,0.9945137011005495,0.0054862988994504
2.6100000000000003,2.857479760854292e-07,0.01928111827062589,0.9946217528261514,0.005378247173848604
2.62,2.6293712983981047e-07,0.0185141364573382,0.9947276877730513,0.005272312226948675
2.63,2.4188998150369914e-07,0.017773457109092942,0.9948315469697114,0.005168453030288567
2.6399999999999997,2.2247491681730384e-07,0.017058371528844124,0.9949333706665338,0.005066629333466259
2.6500000000000004,2.0456975885334708e-07,0.01636818164703312,0.995033198349943,0.004966801650056957
2.66,1.8806112154033737e-07,0.01570220024143701,0.9951310687562414,0.004868931243758641
2.67,1.7284380516276709e-07,0.015059751135573254,0.9952270198852368,0.004772980114763201
2.6799999999999997,1.588202312834808e-07,0.014440169376253772,0.9953210890136492,0.004678910986350706
2.6900000000000004,1.458999146766876e-07,0.013842801390888336,0.9954133127082959,0.004586687291704015
2.7,1.339989699961292e-07,0.01326700512514815,0.9955037268390589,0.004496273160941178
2.71,1.230396510321093e-07,0.012712150161605039,0.9955923665916371,0.004407633408362808
2.7199999999999998,1.1294992053369558e-07,0.012177617819969181,0.9956792664800881,0.00432073351991192
2.7300000000000004,1.0366304868866595e-07,0.011662801239550899,0.9957644603591566,0.00423553964084342
2.74,9.51172384640901e-08,0.011167105444575411,0.9958479814363993,0.004152018563600642
2.75,8.725527611489233e-08,0.010689947392980343,0.995929862284104,0.004070137715896128
2.76,8.002420526682948e-08,0.010230756009327064,0.996010134851006,0.003989865148994104
2.7700000000000005,7.337502307401939e-08,0.009788972202454532,0.9960888304738083,0.003911169526191865
2.7800000000000002,6.7262397039958e-08,0.009364048868503722,0.9961659798885026,0.0038340201114974433
2.79,6.16444011749205e-08,0.00895545087993574,0.9962416132414993,0.0037583867585008
2.8,5.6482270242086625e-08,0.008562655061164855,0.9963157601005641,0.003684239899435989
2.8100000000000005,5.174017091981972e-08,0.008185150151420283,0.9963884494655685,0.0036115505344315453
2.8200000000000003,4.738498877848568e-08,0.007822436755446102,0.9964597097790535,0.0035402902209465035
2.83,4.338613003724078e-08,0.007474027282640531,0.9965295689366106,0.0034704310633893315
2.84,3.971533712951654e-08,0.007139445875229341,0.9965980542970827,0.0034019457029172643
2.8500000000000005,3.634651716566462e-08,0.0068182283260584545,0.9966651926925867,0.0033348073074133413
2.8600000000000003,3.325558243760377e-08,0.006509921986582577,0.9967310104383614,0.0032689895616386166
2.87,3.042030216345334e-08,0.006214085665615713,0.996795533342443,0.0032044666575568774
2.88,2.7820164720283426e-08,0.005930289519400554,0.9968587867151706,0.0031412132848294273
2.8899999999999997,2.5436249660307393e-08,0.005658114933540923,0.9969207953785226,0.0030792046214773005
2.9000000000000004,2.3251108850354602e-08,0.005397154397331335,0.9969815836752917,0.0030184163247084215
2.91,2.1248656116345637e-08,0.005147011371005005,0.9970411754780928,0.0029588245219072285
2.92,1.9414064813915244e-08,0.004907300146409164,0.9970995941982158,0.0029004058017842002
2.9299999999999997,1.773367278344712e-08,0.004677645701604465,0.9971568627943171,0.00284313720568294
2.9400000000000004,1.6194894182660507e-08,0.004457683549871238,0.9972130037809578,0.0027869962190422786
2.95,1.4786137722710505e-08,0.004247059583592745,0.997268039236989,0.002731960763011059
2.96,1.3496730864588173e-08,0.004045429913471107,0.997321990813787,0.002678009186213117
2.9699999999999998,1.2316849561579957e-08,0.0038524607035188125,0.9973748797433398,0.002625120256660195
2.9800000000000004,1.1237453160745418e-08,0.003667828002253597,0.9974267268461897,0.0025732731538103664
2.99,1.025022410191238e-08,0.003491217570511121,0.9974775525392304,0.0025224474607696942
3.0,9.34751207665121e-09,0.00332232470627514,0.9975273768433653,0.0024726231566347743
