t	r_fixed	x_fixed	ur_fixed	u_fixed	r_moving	x_moving	ur_moving	u_moving
0	2.0	0.0	0.3999999999999999	0.9999999999999999	2.0	0.0	0.5530733729460358	1.1530733729460358
1	2.0	0.9999999999999999	0.3999999999999999	0.7	2.153073372946036	1.1530733729460358	0.56038401411779	0.8603840141177901
2	2.0	1.5	0.3999999999999999	0.5499999999999999	2.282842712474619	1.782842712474619	0.5432776430248196	0.6932776430248196
3	2.0	1.75	0.3999999999999999	0.4749999999999999	2.369551813004515	2.119551813004515	0.504358549596388	0.579358549596388
4	2.0	1.875	0.3999999999999999	0.4374999999999999	2.4	2.275	0.44955181300451486	0.48705181300451483
5	2.0	1.9375	0.3999999999999999	0.4187499999999999	2.369551813004515	2.307051813004515	0.387201262071007	0.405951262071007
6	2.0	1.96875	0.3999999999999999	0.40937499999999993	2.282842712474619	2.251592712474619	0.3267992029663407	0.3361742029663407
7	2.0	1.984375	0.3999999999999999	0.4046874999999999	2.153073372946036	2.137448372946036	0.27754130164317115	0.28222880164317116
8	2.0	1.9921875	0.3999999999999999	0.4023437499999999	2.0	1.9921874999999998	0.24692662705396407	0.24927037705396413
9	2.0	1.99609375	0.3999999999999999	0.4011718749999999	1.8469266270539642	1.8430203770539642	0.23961598588220978	0.24078786088220977
10	2.0	1.998046875	0.3999999999999999	0.40058593749999993	1.717157287525381	1.7152041625253813	0.2567223569751804	0.25730829447518033
11	2.0	1.9990234375	0.3999999999999999	0.4002929687499999	1.6304481869954854	1.6294716244954854	0.29564145040361156	0.29593441915361157
12	2.0	1.99951171875	0.3999999999999999	0.4001464843749999	1.6	1.5995117187499999	0.35044818699548497	0.35059467137048506
13	2.0	1.999755859375	0.3999999999999999	0.4000732421874999	1.6304481869954852	1.630204046370485	0.4127987379289926	0.4128719801164926
14	2.0	1.9998779296875	0.3999999999999999	0.40003662109374993	1.7171572875253809	1.7170352172128807	0.4732007970336589	0.473237418127409
15	2.0	1.99993896484375	0.3999999999999999	0.4000183105468749	1.8469266270539637	1.8468655918977137	0.5224586983568289	0.5224770089037039
16	2.0	1.999969482421875	0.3999999999999999	0.4000091552734374	2.0	1.999969482421875	0.5530733729460358	0.5530825282194732
17	2.0	1.9999847412109375	0.3999999999999999	0.40000457763671865	2.153073372946036	2.1530581141569733	0.56038401411779	0.5603885917545088
18	2.0	1.9999923706054688	0.3999999999999999	0.4000022888183593	2.282842712474619	2.2828350830800876	0.5432776430248196	0.543279931843179
19	2.0	1.9999961853027344	0.3999999999999999	0.4000011444091796	2.369551813004515	2.369547998307249	0.504358549596388	0.5043596940055677
20	2.0	1.9999980926513672	0.3999999999999999	0.40000057220458973	2.4	2.399998092651367	0.44955181300451486	0.4495523852091047
21	2.0	1.9999990463256836	0.3999999999999999	0.4000002861022948	2.369551813004515	2.3695508593301984	0.38720126207100747	0.3872015481733024
22	2.0	1.9999995231628418	0.3999999999999999	0.4000001430511474	2.2828427124746193	2.282842235637461	0.3267992029663407	0.32679934601748817
23	2.0	1.999999761581421	0.3999999999999999	0.40000007152557365	2.1530733729460363	2.153073134527457	0.2775413016431709	0.27754137316874467
24	2.0	1.9999998807907104	0.3999999999999999	0.40000003576278675	2.0	1.9999998807907104	0.24692662705396407	0.24692666281675094
