x,y
-4,1.730245997
-3.95,1.693862249
-3.9,1.653798823
-3.85,1.609989095
-3.8,1.562409194
-3.75,1.511081942
-3.7,1.456080089
-3.65,1.397528781
-3.6,1.335607169
-3.55,1.270549173
-3.5,1.202643397
-3.45,1.132232301
-3.4,1.05971076
-3.35,0.9855242361
-3.3,0.9101668132
-3.25,0.8341794291
-3.2,0.7581485694
-3.15,0.682705529
-3.1,0.6085258394
-3.05,0.5363273449
-3,0.4668632747
-2.95,0.4009031554
-2.9,0.3391901534
-2.85,0.2823617525
-2.8,0.230829405
-2.75,0.1846401219
-2.7,0.1433807178
-2.65,0.1061954673
-2.6,0.07193589037
-2.55,0.03938041362
-2.5,0.0074298024
-2.45,-0.02477800175
-2.4,-0.05783427946
-2.35,-0.09207860341
-2.3,-0.1276407399
-2.25,-0.1644853846
-2.2,-0.2024491786
-2.15,-0.2412653178
-2.1,-0.2805740213
-2.05,-0.3199185525
-2,-0.3587274976
-1.95,-0.3962855819
-1.9,-0.4316985197
-1.85,-0.4638634447
-1.8,-0.4914654891
-1.75,-0.5130289507
-1.7,-0.5270464087
-1.65,-0.5321770591
-1.6,-0.5274536564
-1.55,-0.5124108017
-1.5,-0.4870862143
-1.45,-0.4519214187
-1.4,-0.4076290627
-1.35,-0.3550798751
-1.3,-0.2952274722
-1.25,-0.2290657831
-1.2,-0.1576069424
-1.15,-0.08186938549
-1.1,-0.00286979656
-1.05,0.07838428468
-1,0.1609024642
-0.95,0.2437203651
-0.9,0.3259091761
-0.85,0.4065855174
-0.8,0.4849212396
-0.75,0.560152805
-0.7,0.6315899578
-0.65,0.6986234504
-0.6,0.760731649
-0.55,0.8174858916
-0.5,0.8685545165
-0.45,0.9137055116
-0.4,0.9528077676
-0.35,0.9858309412
-0.3,1.012843956
-0.25,1.034012186
-0.2,1.049593387
-0.15,1.059932446
-0.1,1.065455048
-0.05,1.066660363
0,1.064112855
0.05,1.058433349
0.1,1.050289427
0.15,1.040385224
0.2,1.029450523
0.25,1.018228896
0.3,1.007464175
0.35,0.9978839883
0.4,0.9901781948
0.45,0.9849693015
0.5,0.982771931
0.55,0.9839410105
0.6,0.988615495
0.65,0.9966761006
0.7,1.007745189
0.75,1.021251919
0.8,1.036559074
0.85,1.053112871
0.9,1.07055961
0.95,1.088785761
1,1.107870539
1.05,1.12797417
1.1,1.14920719
1.15,1.1715274
1.2,1.194691167
1.25,1.218258124
1.3,1.241629859
1.35,1.264100618
1.4,1.284905324
1.45,1.303258813
1.5,1.318385785
1.55,1.329543247
1.6,1.33603757
1.65,1.337237845
1.7,1.332586674
1.75,1.321609063
1.8,1.303919811
1.85,1.279229632
1.9,1.247350173
1.95,1.208198137
2,1.161798767
2.05,1.108289127
2.1,1.047921827
2.15,0.9810702676
2.2,0.9082370934
2.25,0.8300686834
2.3,0.7473804405
2.35,0.661201065
2.4,0.5728500157
2.45,0.4840722479
2.5,0.397267212
2.55,0.3158500072
2.6,0.2447007145
2.65,0.1902998995
2.7,0.1594674528
2.75,0.1560953037
2.8,0.1786600561
2.85,0.2218100307
2.9,0.2796791177
2.95,0.3475789525
3,0.4221364967
3.05,0.5009494197
3.1,0.5822560191
3.15,0.6647126091
3.2,0.7472575444
3.25,0.829030157
3.3,0.9093221132
3.35,0.9875475188
3.4,1.063223819
3.45,1.13595889
3.5,1.205441647
3.55,1.271434597
3.6,1.333767421
3.65,1.392331046
3.7,1.447071915
3.75,1.497986307
3.8,1.545114648
3.85,1.588535815
3.9,1.628361478
3.95,1.664730539
4,1.697803733
4,-1.962517688
3.95,-1.949854283
3.9,-1.934375831
3.85,-1.915784962
3.8,-1.893786654
3.75,-1.868093579
3.7,-1.838431898
3.65,-1.804547465
3.6,-1.766212386
3.55,-1.723231919
3.5,-1.675451719
3.45,-1.622765477
3.4,-1.565123115
3.35,-1.502539809
3.3,-1.435106369
3.25,-1.36300187
3.2,-1.286510073
3.15,-1.206042272
3.1,-1.122171144
3.05,-1.035683484
3,-0.9476654705
2.95,-0.8596428708
2.9,-0.7738078653
2.85,-0.6933532503
2.8,-0.6228210239
2.75,-0.5679685492
2.7,-0.534079832
2.65,-0.5226547603
2.6,-0.5298247334
2.55,-0.5488422086
2.5,-0.5733496308
2.45,-0.5986416406
2.4,-0.621529985
2.35,-0.6398939254
2.3,-0.6523181281
2.25,-0.6578619971
2.2,-0.6559225506
2.15,-0.6461538648
2.1,-0.6284190171
2.05,-0.6027603588
2,-0.5693799745
1.95,-0.5286256269
1.9,-0.4809794374
1.85,-0.4270476785
1.8,-0.3675507137
1.75,-0.3033125226
1.7,-0.2352495019
1.65,-0.164358382
1.6,-0.09170318557
1.55,-0.01840116957
1.5,0.05439236458
1.45,0.1255006694
1.4,0.1937441312
1.35,0.2579618641
1.3,0.3170379214
1.25,0.3699341811
1.2,0.4157316322
1.15,0.4536795171
1.1,0.4832462293
1.05,0.5041572731
1,0.5163983216
0.95,0.5201640446
0.9,0.515751782
0.85,0.5034268825
0.8,0.4833063981
0.75,0.4553066097
0.7,0.4191777088
0.65,0.374614816
0.6,0.3214020731
0.55,0.2595338101
0.5,0.1892742206
0.45,0.1111520869
0.4,0.02591378758
0.35,-0.06553716908
0.3,-0.162195523
0.25,-0.2629976669
0.2,-0.3668533739
0.15,-0.4726687321
0.1,-0.5793632327
0.05,-0.6858831704
0,-0.7912126993
-0.05,-0.8943832912
-0.1,-0.9944819747
-0.15,-1.090658527
-0.2,-1.182131692
-0.25,-1.268194462
-0.3,-1.348218436
-0.35,-1.421657288
-0.4,-1.488049373
-0.45,-1.54701951
-0.5,-1.598279993
-0.55,-1.641630861
-0.6,-1.67695949
-0.65,-1.704239529
-0.7,-1.723529245
-0.75,-1.734969293
-0.8,-1.738779979
-0.85,-1.735258047
-0.9,-1.724773092
-0.95,-1.707763667
-1,-1.684733238
-1.05,-1.656246152
-1.1,-1.622923824
-1.15,-1.585441391
-1.2,-1.544525026
-1.25,-1.50094994
-1.3,-1.455538653
-1.35,-1.409158101
-1.4,-1.362712248
-1.45,-1.317123714
-1.5,-1.273294028
-1.55,-1.232030286
-1.6,-1.19393288
-1.65,-1.159262497
-1.7,-1.127839347
-1.75,-1.099041876
-1.8,-1.071931415
-1.85,-1.045454478
-1.9,-1.018635535
-1.95,-0.990699762
-2,-0.961117165
-2.05,-0.9295915938
-2.1,-0.8960232326
-2.15,-0.8604653059
-2.2,-0.8230867105
-2.25,-0.7841462351
-2.3,-0.7439808017
-2.35,-0.7030085866
-2.4,-0.6617468425
-2.45,-0.6208428075
-2.5,-0.5811131097
-2.55,-0.5435811904
-2.6,-0.5094928016
-2.65,-0.4802797698
-2.7,-0.457443471
-2.75,-0.442358644
-2.8,-0.4360538764
-2.85,-0.439062816
-2.9,-0.451408294
-2.95,-0.4727005614
-3,-0.5022787917
-3.05,-0.539335035
-3.1,-0.5829975544
-3.15,-0.6323778022
-3.2,-0.6865940244
-3.25,-0.7447828067
-3.3,-0.8061056188
-3.35,-0.8697539249
-3.4,-0.934954298
-3.45,-1.000973871
-3.5,-1.067125968
-3.55,-1.132775588
-3.6,-1.197344396
-3.65,-1.260314933
-3.7,-1.321233808
-3.75,-1.379713742
-3.8,-1.43543437
-3.85,-1.4881418
-3.9,-1.537646969
-3.95,-1.583822875
-4,-1.626600808
