x,mean,lower,upper
-4,0.05182259481,-1.626600808,1.730245997
-3.95,0.05501968735,-1.583822875,1.693862249
-3.9,0.05807592712,-1.537646969,1.653798823
-3.85,0.06092364753,-1.4881418,1.609989095
-3.8,0.06348741231,-1.43543437,1.562409194
-3.75,0.06568409976,-1.379713742,1.511081942
-3.7,0.0674231405,-1.321233808,1.456080089
-3.65,0.06860692393,-1.260314933,1.397528781
-3.6,0.06913138655,-1.197344396,1.335607169
-3.55,0.06888679264,-1.132775588,1.270549173
-3.5,0.06775871439,-1.067125968,1.202643397
-3.45,0.06562921465,-1.000973871,1.132232301
-3.4,0.06237823112,-0.934954298,1.05971076
-3.35,0.05788515565,-0.8697539249,0.9855242361
-3.3,0.05203059719,-0.8061056188,0.9101668132
-3.25,0.04469831118,-0.7447828067,0.8341794291
-3.2,0.0357772725,-0.6865940244,0.7581485694
-3.15,0.02516386343,-0.6323778022,0.682705529
-3.1,0.01276414248,-0.5829975544,0.6085258394
-3.05,-0.001503845033,-0.539335035,0.5363273449
-3,-0.01770775849,-0.5022787917,0.4668632747
-2.95,-0.035898703,-0.4727005614,0.4009031554
-2.9,-0.05610907032,-0.451408294,0.3391901534
-2.85,-0.07835053177,-0.439062816,0.2823617525
-2.8,-0.1026122357,-0.4360538764,0.230829405
-2.75,-0.128859261,-0.442358644,0.1846401219
-2.7,-0.1570313766,-0.457443471,0.1433807178
-2.65,-0.1870421513,-0.4802797698,0.1061954673
-2.6,-0.2187784556,-0.5094928016,0.07193589037
-2.55,-0.2521003884,-0.5435811904,0.03938041362
-2.5,-0.2868416536,-0.5811131097,0.0074298024
-2.45,-0.3228104046,-0.6208428075,-0.02477800175
-2.4,-0.359790561,-0.6617468425,-0.05783427946
-2.35,-0.397543595,-0.7030085866,-0.09207860341
-2.3,-0.4358107708,-0.7439808017,-0.1276407399
-2.25,-0.4743158098,-0.7841462351,-0.1644853846
-2.2,-0.5127679446,-0.8230867105,-0.2024491786
-2.15,-0.5508653118,-0.8604653059,-0.2412653178
-2.1,-0.588298627,-0.8960232326,-0.2805740213
-2.05,-0.6247550732,-0.9295915938,-0.3199185525
-2,-0.6599223313,-0.961117165,-0.3587274976
-1.95,-0.693492672,-0.990699762,-0.3962855819
-1.9,-0.7251670275,-1.018635535,-0.4316985197
-1.85,-0.7546589614,-1.045454478,-0.4638634447
-1.8,-0.7816984522,-1.071931415,-0.4914654891
-1.75,-0.8060354135,-1.099041876,-0.5130289507
-1.7,-0.8274428781,-1.127839347,-0.5270464087
-1.65,-0.8457197782,-1.159262497,-0.5321770591
-1.6,-0.8606932684,-1.19393288,-0.5274536564
-1.55,-0.8722205436,-1.232030286,-0.5124108017
-1.5,-0.8801901211,-1.273294028,-0.4870862143
-1.45,-0.8845225662,-1.317123714,-0.4519214187
-1.4,-0.8851706556,-1.362712248,-0.4076290627
-1.35,-0.882118988,-1.409158101,-0.3550798751
-1.3,-0.8753830627,-1.455538653,-0.2952274722
-1.25,-0.8650078617,-1.50094994,-0.2290657831
-1.2,-0.8510659841,-1.544525026,-0.1576069424
-1.15,-0.8336553881,-1.585441391,-0.08186938549
-1.1,-0.8128968102,-1.622923824,-0.00286979656
-1.05,-0.7889309338,-1.656246152,0.07838428468
-1,-0.7619153872,-1.684733238,0.1609024642
-0.95,-0.7320216508,-1.707763667,0.2437203651
-0.9,-0.6994319578,-1.724773092,0.3259091761
-0.85,-0.6643362648,-1.735258047,0.4065855174
-0.8,-0.6269293696,-1.738779979,0.4849212396
-0.75,-0.5874082443,-1.734969293,0.560152805
-0.7,-0.5459696434,-1.723529245,0.6315899578
-0.65,-0.5028080391,-1.704239529,0.6986234504
-0.6,-0.4581139203,-1.67695949,0.760731649
-0.55,-0.4120724849,-1.641630861,0.8174858916
-0.5,-0.3648627383,-1.598279993,0.8685545165
-0.45,-0.3166569992,-1.54701951,0.9137055116
-0.4,-0.2676208024,-1.488049373,0.9528077676
-0.35,-0.2179131734,-1.421657288,0.9858309412
-0.3,-0.1676872401,-1.348218436,1.012843956
-0.25,-0.117091138,-1.268194462,1.034012186
-0.2,-0.06626915255,-1.182131692,1.049593387
-0.15,-0.01536304052,-1.090658527,1.059932446
-0.1,0.03548653683,-0.9944819747,1.065455048
-0.05,0.08613853588,-0.8943832912,1.066660363
0,0.1364500779,-0.7912126993,1.064112855
0.05,0.1862750891,-0.6858831704,1.058433349
0.1,0.2354630973,-0.5793632327,1.050289427
0.15,0.2838582457,-0.4726687321,1.040385224
0.2,0.3312985745,-0.3668533739,1.029450523
0.25,0.3776156144,-0.2629976669,1.018228896
0.3,0.4226343262,-0.162195523,1.007464175
0.35,0.4661734096,-0.06553716908,0.9978839883
0.4,0.5080459912,0.02591378758,0.9901781948
0.45,0.5480606942,0.1111520869,0.9849693015
0.5,0.5860230758,0.1892742206,0.982771931
0.55,0.6217374103,0.2595338101,0.9839410105
0.6,0.6550087841,0.3214020731,0.988615495
0.65,0.6856454583,0.374614816,0.9966761006
0.7,0.713461449,0.4191777088,1.007745189
0.75,0.7382792642,0.4553066097,1.021251919
0.8,0.7599327358,0.4833063981,1.036559074
0.85,0.7782698766,0.5034268825,1.053112871
0.9,0.7931556959,0.515751782,1.07055961
0.95,0.8044749026,0.5201640446,1.088785761
1,0.8121344305,0.5163983216,1.107870539
1.05,0.8160657213,0.5041572731,1.12797417
1.1,0.8162267099,0.4832462293,1.14920719
1.15,0.8126034585,0.4536795171,1.1715274
1.2,0.8052113997,0.4157316322,1.194691167
1.25,0.7940961528,0.3699341811,1.218258124
1.3,0.7793338902,0.3170379214,1.241629859
1.35,0.7610312411,0.2579618641,1.264100618
1.4,0.7393247276,0.1937441312,1.284905324
1.45,0.7143797411,0.1255006694,1.303258813
1.5,0.6863890746,0.05439236458,1.318385785
1.55,0.6555710387,-0.01840116957,1.329543247
1.6,0.622167192,-0.09170318557,1.33603757
1.65,0.5864397314,-0.164358382,1.337237845
1.7,0.5486685861,-0.2352495019,1.332586674
1.75,0.50914827,-0.3033125226,1.321609063
1.8,0.4681845486,-0.3675507137,1.303919811
1.85,0.4260909766,-0.4270476785,1.279229632
1.9,0.3831853679,-0.4809794374,1.247350173
1.95,0.3397862552,-0.5286256269,1.208198137
2,0.2962093965,-0.5693799745,1.161798767
2.05,0.2527643839,-0.6027603588,1.108289127
2.1,0.2097514048,-0.6284190171,1.047921827
2.15,0.1674582014,-0.6461538648,0.9810702676
2.2,0.1261572714,-0.6559225506,0.9082370934
2.25,0.08610334314,-0.6578619971,0.8300686834
2.3,0.04753115621,-0.6523181281,0.7473804405
2.35,0.01065356982,-0.6398939254,0.661201065
2.4,-0.02433998465,-0.621529985,0.5728500157
2.45,-0.05728469637,-0.5986416406,0.4840722479
2.5,-0.0880412094,-0.5733496308,0.397267212
2.55,-0.1164961007,-0.5488422086,0.3158500072
2.6,-0.1425620094,-0.5298247334,0.2447007145
2.65,-0.1661774304,-0.5226547603,0.1902998995
2.7,-0.1873061896,-0.534079832,0.1594674528
2.75,-0.2059366228,-0.5679685492,0.1560953037
2.8,-0.2220804839,-0.6228210239,0.1786600561
2.85,-0.2357716098,-0.6933532503,0.2218100307
2.9,-0.2470643738,-0.7738078653,0.2796791177
2.95,-0.2560319591,-0.8596428708,0.3475789525
3,-0.2627644869,-0.9476654705,0.4221364967
3.05,-0.2673670321,-1.035683484,0.5009494197
3.1,-0.2699575622,-1.122171144,0.5822560191
3.15,-0.2706648316,-1.206042272,0.6647126091
3.2,-0.2696262643,-1.286510073,0.7472575444
3.25,-0.2669858566,-1.36300187,0.829030157
3.3,-0.2628921277,-1.435106369,0.9093221132
3.35,-0.2574961449,-1.502539809,0.9875475188
3.4,-0.2509496481,-1.565123115,1.063223819
3.45,-0.2434032936,-1.622765477,1.13595889
3.5,-0.235005036,-1.675451719,1.205441647
3.55,-0.2258986608,-1.723231919,1.271434597
3.6,-0.2162224822,-1.766212386,1.333767421
3.65,-0.2061082097,-1.804547465,1.392331046
3.7,-0.1956799918,-1.838431898,1.447071915
3.75,-0.1850536359,-1.868093579,1.497986307
3.8,-0.1743360031,-1.893786654,1.545114648
3.85,-0.1636245738,-1.915784962,1.588535815
3.9,-0.1530071765,-1.934375831,1.628361478
3.95,-0.1425618718,-1.949854283,1.664730539
4,-0.1323569774,-1.962517688,1.697803733
