step,train_loss,validation_loss,validation_accuracy
0,0.693147,0.693147,0.500000
1,0.657655,0.680676,0.500000
2,0.636875,0.677656,0.500000
3,0.620404,0.676349,0.500000
4,0.605719,0.675220,0.500000
5,0.592118,0.674012,0.666667
6,0.579350,0.672706,0.666667
7,0.567291,0.671321,0.666667
8,0.555858,0.669868,0.666667
9,0.544987,0.668356,0.666667
10,0.534625,0.666788,0.666667
11,0.524728,0.665168,0.666667
12,0.515256,0.663499,0.666667
13,0.506178,0.661784,0.666667
14,0.497463,0.660029,0.666667
15,0.489087,0.658238,0.666667
16,0.481028,0.656416,0.833333
17,0.473265,0.654568,0.833333
18,0.465780,0.652700,0.833333
19,0.458558,0.650816,0.833333
20,0.451583,0.648922,0.833333
21,0.444843,0.647022,0.833333
22,0.438325,0.645120,0.833333
23,0.432019,0.643220,0.833333
24,0.425913,0.641325,0.833333
25,0.419998,0.639439,0.833333
26,0.414266,0.637565,0.833333
27,0.408708,0.635705,0.833333
28,0.403315,0.633861,0.833333
29,0.398081,0.632035,0.833333
30,0.393000,0.630230,0.833333
31,0.388064,0.628446,0.833333
32,0.383267,0.626685,0.833333
33,0.378603,0.624947,0.833333
34,0.374068,0.623235,0.833333
35,0.369656,0.621548,0.833333
36,0.365362,0.619886,0.833333
37,0.361181,0.618252,0.833333
38,0.357110,0.616644,0.833333
39,0.353143,0.615063,0.833333
40,0.349277,0.613509,0.833333
41,0.345509,0.611983,0.833333
42,0.341834,0.610484,0.833333
43,0.338249,0.609011,0.833333
44,0.334751,0.607566,0.833333
45,0.331336,0.606147,0.833333
46,0.328003,0.604755,0.833333
47,0.324747,0.603388,0.833333
48,0.321566,0.602048,0.833333
49,0.318458,0.600733,0.833333
50,0.315421,0.599444,0.833333
51,0.312450,0.598179,0.833333
52,0.309546,0.596938,0.833333
53,0.306704,0.595721,0.833333
54,0.303924,0.594528,0.833333
55,0.301203,0.593358,0.833333
56,0.298540,0.592210,0.833333
57,0.295932,0.591085,0.833333
58,0.293377,0.589982,0.666667
59,0.290875,0.588899,0.666667
60,0.288423,0.587838,0.666667
