t	mean	path1	path2	path3	path4
0	1	1.0	1.0	1.0	1.0
0.02	0.9801986733067553	0.97286229978631	0.9286332794448418	0.9975824362125534	0.828723056877956
0.04	0.9607894391523232	0.8902925968362567	0.869488109048977	0.9134076477397478	0.8922838266456691
0.06	0.9417645335842487	0.9293374850098077	0.6646835133062587	0.8286313554495445	0.9029215176469247
0.08	0.9231163463866358	0.8484836155390959	0.6749430446461439	0.9619283625010671	0.9442518742306115
0.1	0.9048374180359595	0.7680979635368741	0.4421680783734214	0.8252170218535952	0.923157478163443
0.12	0.8869204367171575	0.7017401522979041	0.38131358265651843	0.8013650169151273	0.9925198897670574
0.14	0.8693582353988059	0.697896231356876	0.4052324330003934	0.7646165162966493	1.0078482632896073
0.16	0.8521437889662113	0.8186656060550949	0.49210207934369493	0.8140715334081526	1.0080100025769552
0.18	0.835270211411272	0.9641431716624709	0.40513195265697755	0.8337992125547657	0.9813671714185125
0.2	0.8187307530779818	0.9897439087441116	0.3836798933154275	0.9032591474515533	0.7333749613422416
0.22	0.8025187979624785	0.9494586959470912	0.22216835794023124	0.8325135994161719	0.7807691368217069
0.24	0.7866278610665535	0.9143946479799856	0.17576517452442858	0.8743503642639299	0.9609622675879383
0.26	0.7710515858035663	0.8879947040678376	0.17128974032916122	0.9234626564735138	0.9392013815110267
0.28	0.7557837414557255	0.9595411634525935	0.22270464245257346	0.9199036491719184	0.8241281772578768
0.3	0.7408182206817179	1.0052066203356753	0.26398439079645564	0.8984435830370351	0.8487897140339702
0.32	0.7261490370736909	0.8009065122149517	0.1633252069161603	0.8924495906928697	0.8332780582170413
0.34	0.7117703227626097	0.7829382459449956	0.10176335283956847	0.8505303729722313	0.8719382358481822
0.36	0.697676326071031	0.835880064518826	0.09619186159609765	0.8422032393821576	0.891442261855198
0.38	0.6838614092123558	0.8036219196005775	-0.016209663932242116	0.8332762380912052	1.0064661959041294
0.4	0.6703200460356393	0.7197454657183625	0.06207680941264927	0.8137664208911609	1.0343640667732557
0.42	0.6570468198150567	0.71785173398664	0.003210317397973776	0.8892074667112695	1.0272296323958694
0.44	0.6440364210831414	0.6228314888199427	-0.04670504708497321	0.776902829772861	0.9263110571944617
0.46	0.631283645506926	0.6072807952373419	-0.05592897864237554	0.9542991127535325	0.7133070804287898
0.48	0.6187833918061408	0.6122251314337286	-0.11847237547398864	1.0148811968068703	0.5701849326660816
0.5	0.6065306597126334	0.7308951880024513	-0.04804776943125008	0.9141006538861385	0.5628752949761395
0.52	0.5945205479701944	0.5038323888572767	-0.1799207050744807	0.8363083125034962	0.5861263647066702
0.54	0.5827482523739896	0.4095732257904861	-0.170497440459147	0.8413303527258752	0.7927359791741301
0.56	0.5712090638488149	0.3704994503809685	-0.08934966324529461	0.8716835911996798	0.8140311535127456
0.58	0.559898366565402	0.22575344186954832	-0.16588343855479865	0.9218659227119941	0.9253486790344099
0.6	0.5488116360940264	0.005964468898933539	0.02199562043618475	0.9472969132338445	0.8472399330792845
0.62	0.5379444375946745	-0.004547630540196245	0.08226412743232386	0.898510507981012	0.8435707237073399
0.64	0.5272924240430485	-0.08304636673117871	0.05384071732948413	1.0201173381459614	0.8735785917251917
0.66	0.5168513344916992	-0.04001392168390211	0.1301187820944178	1.0567273519948188	0.8134114093799871
0.68	0.5066169923655895	-0.026161268816713452	0.20049435277651811	1.058299116004676	0.7656417808522671
0.7000000000000001	0.49658530379140947	-0.021522495325553673	0.28995484530092663	1.1118211961712605	0.9285013004825148
0.72	0.4867522559599717	-0.06943246483005938	0.2564063768371249	1.1740194075625434	0.9824862176929313
0.74	0.4771139155210344	-0.18743833583675895	0.14418862335962698	1.1047806917670795	0.8812772633953994
0.76	0.46766642700990924	-0.2986620539647449	0.06451408801708743	1.115639025580488	0.8451734210562171
0.78	0.4584060113052235	-0.353186925712345	0.15299984097449232	1.1278010504846978	0.8940930388652266
0.8	0.44932896411722156	-0.3845409103693408	0.10880068856896377	1.0755107903261643	0.8474551791540226
0.8200000000000001	0.44043165450599925	-0.33637379201287976	0.16824817396476272	1.0169711878624574	0.8206664141722976
0.84	0.43171052342907973	-0.3733137252038626	0.2970099935551283	0.9270716128613723	0.681153271604713
0.86	0.4231620823177488	-0.3890061209406239	0.28276954059646137	0.8146147982589427	0.7043736281387771
0.88	0.4147829116815814	-0.599431643318449	0.4094681984345899	0.7635682648706492	0.6506784751635717
0.9	0.4065696597405991	-0.6581746608181456	0.33059659805091973	0.6531628089132042	0.7044802637012366
0.92	0.39851904108451414	-0.7129216395226027	0.34744699247756333	0.633073071740883	0.741613055941581
0.9400000000000001	0.3906278353585211	-0.7975690740784147	0.32616734421753396	0.8055094620921752	0.8676632356765233
0.96	0.38289288597511206	-0.8813052875282467	0.25847870324297895	0.6823853402180289	1.007022286637158
0.98	0.37531109885139957	-0.925440423451996	0.29685448602014236	0.784300812968018	0.9367698663822197
1.0	0.36787944117144233	-0.6984892984283284	0.2790561683331318	0.922628920453763	0.9219906780774227
1.02	0.3605949401730783	-0.6450137193418064	0.426266264393523	0.8800825782833799	0.7817886295221627
1.04	0.35345468195878016	-0.7309613507237256	0.26573553144899054	0.7737418835849471	0.8180119561741621
1.06	0.3464558103300574	-0.5258223774045467	0.2390770722642282	0.7769137709450457	0.7943402047694729
1.08	0.3395955256449391	-0.5626603655286686	0.15622168806926962	0.8255124103624218	0.8578149876701316
1.1	0.33287108369807955	-0.5296115473968969	0.19068833480549652	0.7657568511442409	0.738818092957938
1.12	0.32627979462303947	-0.392440797134361	0.30512328515888265	0.8295178391181783	0.7928912161649357
1.1400000000000001	0.31981902181630384	-0.3625669657011427	0.3470061090246696	0.7836735899787194	0.7851427806592398
1.16	0.3134861808826053	-0.23401225075148424	0.2745873961808546	0.7641533371817257	0.6871192146861942
1.18	0.30727873860113125	-0.08724588954820978	0.21711624397840418	0.7129211742832733	0.6746620756142558
1.2	0.30119421191220214	-0.0677336996668658	0.18949411892397272	0.6612400357430401	0.5902049090597975
1.22	0.2952301669240142	-0.07892405420758475	0.25991804687393794	0.5638606729952662	0.5394425490062037
1.24	0.2893842179390506	-0.006953956014749546	0.2699054529345063	0.5407827811869467	0.5051942748022586
1.26	0.2836540264997704	-0.06359288776566117	0.2142217451050337	0.5254093705358688	0.5344048318006329
1.28	0.27803730045319414	-0.22729917385375334	0.2180251894560658	0.5739501703001718	0.4794075890943246
1.3	0.2725317930340126	-0.21986087039912552	0.19791494688874536	0.5023376863138143	0.40828265543046277
1.32	0.26713530196585034	-0.1256822394213169	0.2901355453428094	0.45142338077860045	0.3770967186941831
1.34	0.261845668580326	-0.10034940527468902	0.2819439332364664	0.5847110338158806	0.38439126884654945
1.36	0.2566607769535559	-0.13022126420506325	0.33804612395717415	0.5876156802742525	0.38345738193984646
1.3800000000000001	0.25157855305975646	-0.07654906544090512	0.23551775388095003	0.5402391470015544	0.3740824069845538
1.4000000000000001	0.24659696394160643	-0.04761584089422391	0.2119181069704008	0.6941009003637194	0.31452318274463864
1.42	0.24171401689703645	0.019200830124871872	0.055676702120461774	0.6182585143051995	0.356654576746883
1.44	0.23692775868212176	0.017280818455452682	0.025200373562374395	0.6347955087326393	0.4367540439583685
1.46	0.23223627472975883	-0.0188605487743407	-0.054875524457690054	0.5638147584097499	0.4717714401000822
1.48	0.22763768838381274	-0.08113682365308428	-0.0731382727439237	0.5491076543033034	0.4704925783530941
1.5	0.22313016014842982	-0.09400275737501289	-0.1164984401957622	0.5589646130392298	0.5151039878907937
1.52	0.21871188695221475	-0.18580815459415245	-0.031221337422860124	0.5132469575163964	0.5431382719327218
1.54	0.21438110142697794	-0.1702358777497415	0.024506902297764636	0.46803429670732133	0.518060680982008
1.56	0.21013607120076472	-0.3554987189051818	0.12412072588217947	0.41917021429374013	0.41231845128546646
1.58	0.20597509820488344	-0.3476055768581967	0.06733615173690691	0.2484302311992102	0.42269512437788387
1.6	0.20189651799465538	-0.1708292063066775	0.066009232692253	0.2366981963427106	0.42918298938524474
1.62	0.19789869908361465	-0.10907789760589877	-0.023355989376408176	0.14147809190959276	0.3426773812788616
1.6400000000000001	0.19398004229089189	-0.10174886544411352	-0.06566202808200618	0.3021873694384807	0.3696165462273534
1.6600000000000001	0.1901389801015205	-0.069161914372452	0.030540995121584272	0.28775030953289527	0.4279120550289162
1.68	0.18637397603940997	-0.06672848371040938	0.021649208947581985	0.45557301820001905	0.49924023020289177
1.7	0.18268352405273466	0.01981931953556218	0.08190670431628658	0.49234188121018585	0.33981705817038355
1.72	0.17906614791149322	0.006245930944962385	0.06950011020356978	0.48322684814952216	0.42046421373968546
1.74	0.17552040061699686	0.00989265136429358	-0.004447556309589901	0.5001959855017215	0.16803570553463215
1.76	0.17204486382305054	-0.08567455289795507	-0.08535423633264576	0.36094733116252964	0.14152643201865078
1.78	0.1686381472685955	-0.1334441084379597	0.00883672617960117	0.3481925020063274	0.09657625504339291
1.8	0.16529888822158653	-0.1302015661352152	-0.0937950378479453	0.22199524240063434	0.06826619437705532
1.82	0.16202575093388075	-0.2233377043740681	-0.08603145073570478	0.23326008612735466	0.12052104095838873
1.84	0.15881742610692068	-0.2015506805856254	-0.26236452194964177	0.33790671704256325	0.04243496030319338
1.86	0.1556726303679973	-0.16323690087526802	-0.22988101608129838	0.27360415345549227	0.03426354085007198
1.8800000000000001	0.15259010575688386	-0.12346912770507197	-0.37544297756634365	0.23574795707469426	-0.010348069394503764
1.9000000000000001	0.14956861922263504	-0.34957540214299193	-0.2994671260351835	0.22458772713401698	0.09165294031577244
1.92	0.14660696213035015	-0.3446512240015741	-0.253024086039477	0.23248919569169485	0.04928382289433755
1.94	0.14370394977770293	-0.07026903093091269	-0.30959765628676605	0.31618690205538724	0.0897405788782149
1.96	0.140858420921045	-0.1735211325609512	-0.26919149032740136	0.32079611449252987	0.027850465067324005
1.98	0.13806923731089282	0.00030530546432075423	-0.29946594120660425	0.5084722649379374	-0.01824037659481784
2.0	0.1353352832366127	-0.12844428378679762	-0.3037752944564188	0.5273255203866114	-0.07616616377201371
2.02	0.13265546508012172	-0.08125169963108445	-0.26748530708912416	0.5488185626880617	-0.18594291234630375
2.04	0.1300287108784259	-0.07251103634150688	-0.19721947045664623	0.44569603739152724	-0.08602156417998276
2.06	0.12745396989482075	-0.06975720676339188	-0.3310335021488852	0.5021745374399424	-0.14907190608542492
2.08	0.12493021219858241	0.019407668917032828	-0.34848278461007814	0.5541453911659351	-0.2178123502888935
2.1	0.1224564282529819	0.02905506026463945	-0.3959787586246235	0.4821238621340307	-0.29978769019744944
2.12	0.12003162851145673	-0.05244208231915081	-0.3950383635127648	0.4927239897412568	-0.31549845339689564
2.14	0.11765484302177918	-0.006975829231844213	-0.37386580315623147	0.3707363023187636	-0.3065367266626219
2.16	0.11532512103806251	-0.023135004595314243	-0.49520436814552204	0.35697078574809477	-0.2998770659847681
2.18	0.11304153064044985	-0.06816691282992951	-0.5183847041811502	0.38634959482996417	-0.30739130492272987
2.2	0.11080315836233387	-0.046017495489709834	-0.5615300141550962	0.3390220437358569	-0.24898786250909785
2.22	0.10860910882495796	-0.17826287860423362	-0.3871617986389483	0.4417406671440426	-0.30685838875932026
2.24	0.1064585043792528	-0.23314859698198812	-0.32207334716100755	0.29401841549598307	-0.5047019030003949
2.2600000000000002	0.104350484754765	-0.17943231295374806	-0.30048759098539257	0.369116440171496	-0.35100018611152994
2.2800000000000002	0.10228420671553744	-0.20736746318967392	-0.10375635040049797	0.4020165360890274	-0.3575890108744557
2.3000000000000003	0.1002588437228037	-0.1757979096764091	-0.0725846811686093	0.3341770029877129	-0.3912425556948405
2.32	0.09827358560436154	-0.1493737367725792	-0.21167172735726664	0.3560617147498806	-0.29550242949226196
2.34	0.09632763823049303	-0.15592795684362679	-0.26233001323478217	0.45224721600212503	-0.2605043044137999
2.36	0.09442022319630235	-0.15255698511820526	-0.2530896881468079	0.3636585961991555	-0.3447128288862697
2.38	0.09255057751034329	-0.18320598055300438	-0.31994942394083126	0.18831671382653492	-0.298235897682416
2.4	0.09071795328941251	-0.271315371793277	-0.3189199357688482	0.20836551296050396	-0.28421491486731193
2.42	0.08892161745938634	-0.43319860489164164	-0.23534767733978462	0.0680585008548392	-0.31377687272779275
2.44	0.0871608514619813	-0.4195786364024696	-0.24855320133204986	0.04117570421189219	-0.16152342523931262
2.46	0.08543495096732123	-0.28004770763501396	-0.2985272081859751	-0.022516447917745798	-0.1315564417510341
2.48	0.08374322559219596	-0.2848492070884732	-0.2578083178798989	-0.0472497889999233	-0.034994491745027057
2.5	0.0820849986238988	-0.32918797775358893	-0.24032564766952003	0.017274832373159417	0.007793299642646044
2.52	0.08045960674953244	-0.3338665972239657	-0.188177693629246	0.10885989390000217	0.012136782993558207
2.54	0.07886639979067495	-0.3604131292961106	-0.14753881316774697	0.06894580060907549	0.09610341535302887
2.56	0.07730474044329974	-0.3445326303518502	-0.13847633412059002	0.07742199436297867	0.13625992786954252
2.58	0.07577400402284548	-0.292060667685826	-0.23539629820965416	0.322776486246919	0.20491125729511808
2.6	0.07427357821433388	-0.47314720704312807	-0.18275372745307678	0.36356094752946283	0.08380456254412472
2.62	0.07280286282743559	-0.4402140102762966	-0.17258781338409138	0.42607563327756814	0.13279545003121687
2.64	0.07136126955638605	-0.3579435006527172	-0.10342566965992557	0.45471417678402765	0.19746554716863787
2.66	0.06994822174465536	-0.49421892122574473	-0.14619992714955135	0.4823339089867647	0.23222472713966613
2.68	0.06856315415427791	-0.4725278075810878	0.05781223513280967	0.4028930265201846	0.1903189166296452
2.7	0.06720551273974976	-0.4620971753082359	0.057504200413469604	0.4148042656839321	0.3534647862133875
2.72	0.06587475442640295	-0.4504754416271526	-0.005648822729644572	0.42193261417947353	0.34532155482190224
2.74	0.06457034689316847	-0.3612035639613458	-0.06870011146931873	0.4419935439826879	0.39864512422591114
2.7600000000000002	0.0632917683596407	-0.21444367338404857	-0.07545842280051644	0.4171220518549669	0.38244913615243686
2.7800000000000002	0.06203850737735829	-0.2625527154304426	0.02014622631507071	0.4801607653545146	0.26448293348403773
2.8000000000000003	0.06081006262521795	-0.18035941461541766	0.027567499687450717	0.4986677753623346	0.1830770290459798
2.82	0.05960594270893937	-0.07270857330466345	0.10512911220450093	0.45049155005041036	0.028778646933139224
2.84	0.05842566596450083	-0.12254074805761872	0.14591579045847183	0.5759812882434123	-0.018466925776393254
2.86	0.05726876026546736	-0.11859732350134462	-0.03229364006274979	0.5875530698437097	-0.08736389181449314
2.88	0.056134762834133725	-0.10716578792481742	0.06788541294152953	0.6346421439879181	-0.0632198262565311
2.9	0.05502322005640723	-0.279725278365204	-0.09587484164222855	0.8069446961426272	-0.17677286824367214
2.92	0.05393368730035602	-0.1810370118014244	-0.10220679357559058	0.7566567688896629	-0.14891931860127963
2.94	0.05286572873835037	-0.0754054702936312	0.019433192629468424	0.5258046012683333	-0.15161587760190476
2.96	0.05181891717272583	-0.011817068615173898	0.08044155776828056	0.60307366943726	-0.14724487812150064
2.98	0.0507928338648985	0.12150218220992784	0.22225087467846677	0.5556786468666246	-0.03207249730276618
3.0	0.049787068367863944	0.15432498661223584	0.2155389272640165	0.5645071826908821	0.08333570819258154
3.02	0.04880121836201296	0.2078601290089377	0.20199807101036302	0.5971050185745791	-0.006038453559458312
3.04	0.04783488949419837	0.20500353633503132	0.3617205791459829	0.6827668991236961	-0.06150078606573813
3.06	0.046887695219988486	0.2917299083517746	0.39035967921037407	0.5366967125323722	-0.036346003887727685
3.08	0.045959256649044204	0.31491458888682605	0.44331521837759363	0.6687087197752486	0.020303294876935815
3.1	0.0450492023935578	0.23629808703081467	0.3549385982193441	0.7352960572534426	-0.031281074329478395
3.12	0.04415716841969286	0.16628814886586915	0.295974445536521	0.826473817437918	0.0809519057770299
3.14	0.043282797901965896	0.11051498237142476	0.2648710370729178	0.8206943370287691	0.007869217253656136
3.16	0.042425741080511385	-0.006944414718877329	0.23798807302844363	0.9429787668383521	0.007860736560720708
3.18	0.04158565512117316	0.013165662242471322	0.275682289620813	0.9158251012879206	0.019892286879736133
3.2	0.04076220397836621	-0.014558000329139332	0.23516671779236442	0.9720169824656609	0.10538039211028337
3.22	0.039955058260653896	-0.2239610019681829	0.17224132074550377	1.0589011298352058	-0.0381698684359784
3.24	0.039163895098987066	-0.17667704121447736	0.11478601169357797	1.1511398660090006	0.05922664474507997
3.2600000000000002	0.038388398017552054	-0.14409153453276377	0.18672877576165245	1.0832600360035212	0.11230163806348131
3.2800000000000002	0.0376282568071762	-0.05626190040912443	0.10490759907714244	0.8764173283842084	0.04330626139296159
3.3000000000000003	0.036883167401239994	0.011817393759139642	0.11578748294252451	0.7450556665123204	-0.08571222417190308
3.3200000000000003	0.03615283175404641	0.09197382577574399	0.20001717189192172	0.6160491985239354	-0.10372418940289069
3.34	0.03543695772159864	-0.0427426705707889	0.1430512572222138	0.6011239003092634	-0.005669023423076167
3.36	0.03473525894473856	0.051132076886740416	0.2810520266962868	0.5662610420275115	0.06457706672299995
3.38	0.034047454734599344	0.03889830529908913	0.36444874387478166	0.4189137514299702	0.02971978961839005
3.4	0.03337326996032608	-0.05079962967592182	0.2570195946336131	0.47698786164112417	0.14669743550273123
3.42	0.03271243493901982	-0.06289903274856826	0.4101355931759687	0.46646656815560306	0.12162513407974646
3.44	0.03206468532786077	0.08433592841756685	0.4936570252708299	0.37469313439319796	0.11768495162295899
3.46	0.03142976201836771	0.009551701596818535	0.43006914867411955	0.3320851859614414	0.15916515877975143
3.48	0.030807411032751076	0.04817930685426372	0.3643485411821927	0.40546430716672643	0.13391185985471626
3.5	0.0301973834223185	0.1472308429178519	0.36054746753218053	0.4148341453656422	0.12398966941339928
3.52	0.029599435167892	0.1629961332626571	0.27178149065753743	0.6053685819913726	0.20291441873626515
3.54	0.029013327082197053	0.2056399504826249	0.2992529295376036	0.531223124603622	0.12703859460145203
3.56	0.028438824714184505	0.2773839860735915	0.28319346018118496	0.4384476832044032	0.11707339789214381
3.58	0.027875698255247015	0.1363693400907368	0.2806673813198613	0.4023154540913707	0.13736191209297022
3.6	0.02732372244729256	0.30241238355262084	0.21049425873109118	0.416632961046626	0.059388421203342354
3.62	0.026782676492638175	0.22038105682867437	0.1917890219938797	0.4101772646212059	0.09491465915678546
3.64	0.02625234396568796	0.19649546116518862	0.2016051901343935	0.4073422936741662	0.08252339077411829
3.66	0.02573251272635994	0.18630104462527616	0.21060944540872484	0.2894212271306944	0.017017866254873393
3.68	0.025222974835227212	-0.02484938413002377	0.26739451641102646	0.24603157423142494	-0.17496158450121538
3.7	0.024723526470339388	0.012051828028946814	0.233225357640203	0.14136650776507198	-0.11766979938128037
3.72	0.024233967845691113	0.1458234381348936	0.23276744818716427	0.026764330685006846	0.04268645173264356
3.74	0.023754103131304997	0.07413228613267195	0.14770550363117035	-0.09316766259849948	0.09419393855782762
3.7600000000000002	0.023283740374897	-0.0680494142793455	0.07307449343420486	-0.0896723726798871	0.05882041921601094
3.7800000000000002	0.02282269142509297	-0.05806487861451012	-0.06578543273734758	-0.09014896518855761	0.1993106173350469
3.8000000000000003	0.02237077185616559	0.008897711496925323	-0.06059787108573981	-0.11470483443034146	0.26086199714588093
3.8200000000000003	0.02192780089426161	-0.039407783755145115	-0.056278756146376174	-0.13221827621506133	0.13583843146871777
3.84	0.021493601345089923	-0.04716624141612947	-0.24517442834822328	-0.06737753878572911	0.2581360864322225
3.86	0.021067999523041434	-0.09247390853297136	-0.26761540155640273	-0.1241048789915449	0.24296746810314293
3.88	0.020650825181712566	-0.1927981617169527	-0.39846440252243476	0.03968521279463094	0.16523301374865396
3.9	0.02024191144580439	-0.026638637490509487	-0.48081840751832927	0.005699456476387164	0.1400389670482379
3.92	0.019841094744370288	-0.027052101183346194	-0.4926512452094145	0.07763438734831035	0.24798102608000996
3.94	0.01944821474538539	-0.11846792592335627	-0.5297787010226013	0.041092436453319156	0.245452709922803
3.96	0.019063114291611637	-0.06476159368823975	-0.523921397832194	0.1052901320163769	0.26397015822094994
3.98	0.018685639337732773	-0.0912697060424272	-0.6050832330715391	0.09152405378667702	0.27341566718489335
4.0	0.01831563888873418	-0.08444564550325823	-0.6059264892369838	0.010870302966557666	0.1892507745425786
